<?xml version="1.0" encoding="UTF-8"?>

<AdministrableProductDefinition xmlns="http://hl7.org/fhir">
  <id value="cfsb1640606978608"/>
  <text>
    <status value="generated"/><div xmlns="http://www.w3.org/1999/xhtml"><p><b>Generated Narrative</b></p><div style="display: inline-block; background-color: #d9e0e7; padding: 6px; margin: 4px; border: 1px solid #8da1b4; border-radius: 5px; line-height: 60%"><p style="margin-bottom: 0px">Resource "cfsb1640606978608" </p></div><p><b>status</b>: active</p><p><b>formOf</b>: <a href="MedicinalProductDefinition-cfsb1641212233583.html">MedicinalProductDefinition/cfsb1641212233583</a></p><p><b>administrableDoseForm</b>: Suspension for injection <span style="background: LightGoldenRodYellow; margin: 4px; border: 1px solid khaki"> (#/#100000073864)</span></p><p><b>unitOfPresentation</b>: Pen <span style="background: LightGoldenRodYellow; margin: 4px; border: 1px solid khaki"> (#/#200000002135)</span></p><p><b>producedFrom</b>: <a href="ManufacturedItemDefinition-cfsb1640777487408.html">ManufacturedItemDefinition/cfsb1640777487408</a></p><blockquote><p><b>routeOfAdministration</b></p><p><b>code</b>: Subcutaneous use <span style="background: LightGoldenRodYellow; margin: 4px; border: 1px solid khaki"> (#/#100000073633)</span></p><h3>TargetSpecies</h3><table class="grid"><tr><td>-</td><td><b>Code</b></td></tr><tr><td>*</td><td>Human <span style="background: LightGoldenRodYellow; margin: 4px; border: 1px solid khaki"> (#/#100000109093)</span></td></tr></table></blockquote></div>
  </text>
  <status value="active"/>
  <formOf>
    <reference value="MedicinalProductDefinition/cfsb1641212233583"/>
  </formOf>
  <administrableDoseForm>
    <coding>
      <system value="https://spor.ema.europa.eu/rmswi/"/>
      <code value="/#100000073864"/>
    </coding>
    <text value="Suspension for injection"/>
  </administrableDoseForm>
  <unitOfPresentation>
    <coding>
      <system value="https://spor.ema.europa.eu/rmswi/"/>
      <code value="/#200000002135"/>
    </coding>
    <text value="Pen"/>
  </unitOfPresentation>
  <producedFrom>
    <reference value="ManufacturedItemDefinition/cfsb1640777487408"/>
  </producedFrom>
  <routeOfAdministration>
    <code>
      <coding>
        <system value="https://spor.ema.europa.eu/rmswi/"/>
        <code value="/#100000073633"/>
      </coding>
      <text value="Subcutaneous use"/>
    </code>
    <targetSpecies>
      <code>
        <coding>
          <system value="https://spor.ema.europa.eu/rmswi/"/>
          <code value="/#100000109093"/>
        </coding>
        <text value="Human"/>
      </code>
    </targetSpecies>
  </routeOfAdministration>
</AdministrableProductDefinition>