<?xml version="1.0" encoding="UTF-8"?>

<ImplementationGuide xmlns="http://hl7.org/fhir">
  <id value="hl7.eu.fhir.gh"/>
  <text>
    <status value="extensions"/><div xmlns="http://www.w3.org/1999/xhtml"><h2>GhImplementationGuide</h2><p>The official URL for this implementation guide is: </p><pre>http://hl7.eu/fhir/ig/gravitate-health/ImplementationGuide/hl7.eu.fhir.gh</pre><div><p>Gravitate Health is an EU project aiming to empower and equip Europeans with health information for active personal health management and adherence to treatment.</p>
</div></div>
  </text>
  <url value="http://hl7.eu/fhir/ig/gravitate-health/ImplementationGuide/hl7.eu.fhir.gh"/>
  <version value="0.1.0"/>
  <name value="GhImplementationGuide"/>
  <title value="Gravitate Health FHIR Implementation Guide"/>
  <status value="active"/>
  <date value="2022-01-11T09:48:47+00:00"/>
  <contact>
    <name value="Gravitate Health Project"/>
    <telecom>
      <system value="url"/>
      <value value="https://www.gravitatehealth.eu/"/>
    </telecom>
  </contact>
  <description value="Gravitate Health is an EU project aiming to empower and equip Europeans with health information for active personal health management and adherence to treatment."/>
  <packageId value="hl7.eu.fhir.gh"/>
  <license value="CC0-1.0"/>
  <fhirVersion value="5.0.0-snapshot1"/>
  <definition>
    <resource>
      <extension url="http://hl7.org/fhir/tools/StructureDefinition/resource-information">
        <valueString value="CodeSystem"/>
      </extension>
      <reference>
        <reference value="CodeSystem/Example"/>
      </reference>
      <name value="EMA example-sections-pl"/>
      <description value="Placeholder for EMA example-sections PL"/>
      <exampleBoolean value="false"/>
    </resource>
    <resource>
      <extension url="http://hl7.org/fhir/tools/StructureDefinition/resource-information">
        <valueString value="CodeSystem"/>
      </extension>
      <reference>
        <reference value="CodeSystem/Examplesmpc"/>
      </reference>
      <name value="EMA example-sections-smpc"/>
      <description value="Placeholder for EMA example-sections smpc"/>
      <exampleBoolean value="false"/>
    </resource>
    <resource>
      <extension url="http://hl7.org/fhir/tools/StructureDefinition/resource-information">
        <valueString value="Bundle"/>
      </extension>
      <reference>
        <reference value="Bundle/12dde04f-a821-4c44-82ce-ab11e8c87c72"/>
      </reference>
      <name value="Vulcan Skilarence 120 mg FHIR Package Insert"/>
      <description value="instance of Skilarence package insert for connectathon testing"/>
      <exampleBoolean value="true"/>
    </resource>
    <resource>
      <extension url="http://hl7.org/fhir/tools/StructureDefinition/resource-information">
        <valueString value="Bundle"/>
      </extension>
      <reference>
        <reference value="Bundle/5526bcb3-9b7f-4bc1-a9e7-65302382d6f4"/>
      </reference>
      <name value="Vulcan Skilarence FHIR Package Insert"/>
      <description value="instance of Skilarence package insert for connectathon testing"/>
      <exampleBoolean value="true"/>
    </resource>
    <resource>
      <extension url="http://hl7.org/fhir/tools/StructureDefinition/resource-information">
        <valueString value="Bundle"/>
      </extension>
      <reference>
        <reference value="Bundle/5526bcb3-9b7f-4bc1-a9e7-65302382e7a5"/>
      </reference>
      <name value="Vulcan Monuril FHIR Package Insert"/>
      <description value="instance of Monuril package insert for connectathon testing"/>
      <exampleBoolean value="true"/>
    </resource>
    <resource>
      <extension url="http://hl7.org/fhir/tools/StructureDefinition/resource-information">
        <valueString value="MedicinalProductDefinition"/>
      </extension>
      <reference>
        <reference value="MedicinalProductDefinition/cfsb1151803027115"/>
      </reference>
      <name value="cfsb1151803027115"/>
      <description value="EU/1/16/1157/002 100/50 x5 pre-filled pens"/>
      <exampleBoolean value="true"/>
    </resource>
    <resource>
      <extension url="http://hl7.org/fhir/tools/StructureDefinition/resource-information">
        <valueString value="Binary"/>
      </extension>
      <reference>
        <reference value="Binary/cfsb11927037"/>
      </reference>
      <name value="cfsb11927037"/>
      <description value="Suliqua image 11927037"/>
      <exampleBoolean value="true"/>
    </resource>
    <resource>
      <extension url="http://hl7.org/fhir/tools/StructureDefinition/resource-information">
        <valueString value="Binary"/>
      </extension>
      <reference>
        <reference value="Binary/cfsb11927038"/>
      </reference>
      <name value="cfsb11927038"/>
      <description value="Suliqua image 11927038"/>
      <exampleBoolean value="true"/>
    </resource>
    <resource>
      <extension url="http://hl7.org/fhir/tools/StructureDefinition/resource-information">
        <valueString value="Binary"/>
      </extension>
      <reference>
        <reference value="Binary/cfsb11927039"/>
      </reference>
      <name value="cfsb11927039"/>
      <description value="Suliqua image 11927039"/>
      <exampleBoolean value="true"/>
    </resource>
    <resource>
      <extension url="http://hl7.org/fhir/tools/StructureDefinition/resource-information">
        <valueString value="Binary"/>
      </extension>
      <reference>
        <reference value="Binary/cfsb11927040"/>
      </reference>
      <name value="cfsb11927040"/>
      <description value="Suliqua image 11927040"/>
      <exampleBoolean value="true"/>
    </resource>
    <resource>
      <extension url="http://hl7.org/fhir/tools/StructureDefinition/resource-information">
        <valueString value="Binary"/>
      </extension>
      <reference>
        <reference value="Binary/cfsb11927041"/>
      </reference>
      <name value="cfsb11927041"/>
      <description value="Suliqua image 11927041"/>
      <exampleBoolean value="true"/>
    </resource>
    <resource>
      <extension url="http://hl7.org/fhir/tools/StructureDefinition/resource-information">
        <valueString value="Binary"/>
      </extension>
      <reference>
        <reference value="Binary/cfsb11927042"/>
      </reference>
      <name value="cfsb11927042"/>
      <description value="Suliqua image 11927042"/>
      <exampleBoolean value="true"/>
    </resource>
    <resource>
      <extension url="http://hl7.org/fhir/tools/StructureDefinition/resource-information">
        <valueString value="Binary"/>
      </extension>
      <reference>
        <reference value="Binary/cfsb11927043"/>
      </reference>
      <name value="cfsb11927043"/>
      <description value="Suliqua image 11927043"/>
      <exampleBoolean value="true"/>
    </resource>
    <resource>
      <extension url="http://hl7.org/fhir/tools/StructureDefinition/resource-information">
        <valueString value="Binary"/>
      </extension>
      <reference>
        <reference value="Binary/cfsb11927044"/>
      </reference>
      <name value="cfsb11927044"/>
      <description value="Suliqua image 11927044"/>
      <exampleBoolean value="true"/>
    </resource>
    <resource>
      <extension url="http://hl7.org/fhir/tools/StructureDefinition/resource-information">
        <valueString value="Binary"/>
      </extension>
      <reference>
        <reference value="Binary/cfsb11927045"/>
      </reference>
      <name value="cfsb11927045"/>
      <description value="Suliqua image 11927045"/>
      <exampleBoolean value="true"/>
    </resource>
    <resource>
      <extension url="http://hl7.org/fhir/tools/StructureDefinition/resource-information">
        <valueString value="Binary"/>
      </extension>
      <reference>
        <reference value="Binary/cfsb11927046"/>
      </reference>
      <name value="cfsb11927046"/>
      <description value="Suliqua image 11927046"/>
      <exampleBoolean value="true"/>
    </resource>
    <resource>
      <extension url="http://hl7.org/fhir/tools/StructureDefinition/resource-information">
        <valueString value="Binary"/>
      </extension>
      <reference>
        <reference value="Binary/cfsb11927047"/>
      </reference>
      <name value="cfsb11927047"/>
      <description value="Suliqua image 11927047"/>
      <exampleBoolean value="true"/>
    </resource>
    <resource>
      <extension url="http://hl7.org/fhir/tools/StructureDefinition/resource-information">
        <valueString value="Binary"/>
      </extension>
      <reference>
        <reference value="Binary/cfsb11927048"/>
      </reference>
      <name value="cfsb11927048"/>
      <description value="Suliqua image 11927048"/>
      <exampleBoolean value="true"/>
    </resource>
    <resource>
      <extension url="http://hl7.org/fhir/tools/StructureDefinition/resource-information">
        <valueString value="Binary"/>
      </extension>
      <reference>
        <reference value="Binary/cfsb11927049"/>
      </reference>
      <name value="cfsb11927049"/>
      <description value="Suliqua image 11927049"/>
      <exampleBoolean value="true"/>
    </resource>
    <resource>
      <extension url="http://hl7.org/fhir/tools/StructureDefinition/resource-information">
        <valueString value="Binary"/>
      </extension>
      <reference>
        <reference value="Binary/cfsb11927050"/>
      </reference>
      <name value="cfsb11927050"/>
      <description value="Suliqua image 11927050"/>
      <exampleBoolean value="true"/>
    </resource>
    <resource>
      <extension url="http://hl7.org/fhir/tools/StructureDefinition/resource-information">
        <valueString value="Binary"/>
      </extension>
      <reference>
        <reference value="Binary/cfsb11927051"/>
      </reference>
      <name value="cfsb11927051"/>
      <description value="Suliqua image 11927051"/>
      <exampleBoolean value="true"/>
    </resource>
    <resource>
      <extension url="http://hl7.org/fhir/tools/StructureDefinition/resource-information">
        <valueString value="Binary"/>
      </extension>
      <reference>
        <reference value="Binary/cfsb11927052"/>
      </reference>
      <name value="cfsb11927052"/>
      <description value="Suliqua image 11927052"/>
      <exampleBoolean value="true"/>
    </resource>
    <resource>
      <extension url="http://hl7.org/fhir/tools/StructureDefinition/resource-information">
        <valueString value="Binary"/>
      </extension>
      <reference>
        <reference value="Binary/cfsb11927053"/>
      </reference>
      <name value="cfsb11927053"/>
      <description value="Suliqua image 11927053"/>
      <exampleBoolean value="true"/>
    </resource>
    <resource>
      <extension url="http://hl7.org/fhir/tools/StructureDefinition/resource-information">
        <valueString value="Binary"/>
      </extension>
      <reference>
        <reference value="Binary/cfsb11927054"/>
      </reference>
      <name value="cfsb11927054"/>
      <description value="Suliqua image 11927054"/>
      <exampleBoolean value="true"/>
    </resource>
    <resource>
      <extension url="http://hl7.org/fhir/tools/StructureDefinition/resource-information">
        <valueString value="Binary"/>
      </extension>
      <reference>
        <reference value="Binary/cfsb11927055"/>
      </reference>
      <name value="cfsb11927055"/>
      <description value="Suliqua image 11927055"/>
      <exampleBoolean value="true"/>
    </resource>
    <resource>
      <extension url="http://hl7.org/fhir/tools/StructureDefinition/resource-information">
        <valueString value="Binary"/>
      </extension>
      <reference>
        <reference value="Binary/cfsb11927056"/>
      </reference>
      <name value="cfsb11927056"/>
      <description value="Suliqua image 11927056"/>
      <exampleBoolean value="true"/>
    </resource>
    <resource>
      <extension url="http://hl7.org/fhir/tools/StructureDefinition/resource-information">
        <valueString value="Binary"/>
      </extension>
      <reference>
        <reference value="Binary/cfsb11927280"/>
      </reference>
      <name value="cfsb11927280"/>
      <description value="Suliqua image 11927280"/>
      <exampleBoolean value="true"/>
    </resource>
    <resource>
      <extension url="http://hl7.org/fhir/tools/StructureDefinition/resource-information">
        <valueString value="Binary"/>
      </extension>
      <reference>
        <reference value="Binary/cfsb11927281"/>
      </reference>
      <name value="cfsb11927281"/>
      <description value="Suliqua image 11927281"/>
      <exampleBoolean value="true"/>
    </resource>
    <resource>
      <extension url="http://hl7.org/fhir/tools/StructureDefinition/resource-information">
        <valueString value="Binary"/>
      </extension>
      <reference>
        <reference value="Binary/cfsb11927282"/>
      </reference>
      <name value="cfsb11927282"/>
      <description value="Suliqua image 11927282"/>
      <exampleBoolean value="true"/>
    </resource>
    <resource>
      <extension url="http://hl7.org/fhir/tools/StructureDefinition/resource-information">
        <valueString value="Binary"/>
      </extension>
      <reference>
        <reference value="Binary/cfsb11927284"/>
      </reference>
      <name value="cfsb11927284"/>
      <description value="Suliqua image 11927284"/>
      <exampleBoolean value="true"/>
    </resource>
    <resource>
      <extension url="http://hl7.org/fhir/tools/StructureDefinition/resource-information">
        <valueString value="Binary"/>
      </extension>
      <reference>
        <reference value="Binary/cfsb11927285"/>
      </reference>
      <name value="cfsb11927285"/>
      <description value="Suliqua image 11927285"/>
      <exampleBoolean value="true"/>
    </resource>
    <resource>
      <extension url="http://hl7.org/fhir/tools/StructureDefinition/resource-information">
        <valueString value="Binary"/>
      </extension>
      <reference>
        <reference value="Binary/cfsb11927286"/>
      </reference>
      <name value="cfsb11927286"/>
      <description value="Suliqua image 11927286"/>
      <exampleBoolean value="true"/>
    </resource>
    <resource>
      <extension url="http://hl7.org/fhir/tools/StructureDefinition/resource-information">
        <valueString value="Binary"/>
      </extension>
      <reference>
        <reference value="Binary/cfsb11927287"/>
      </reference>
      <name value="cfsb11927287"/>
      <description value="Suliqua image 11927287"/>
      <exampleBoolean value="true"/>
    </resource>
    <resource>
      <extension url="http://hl7.org/fhir/tools/StructureDefinition/resource-information">
        <valueString value="Binary"/>
      </extension>
      <reference>
        <reference value="Binary/cfsb11927288"/>
      </reference>
      <name value="cfsb11927288"/>
      <description value="Suliqua image 11927288"/>
      <exampleBoolean value="true"/>
    </resource>
    <resource>
      <extension url="http://hl7.org/fhir/tools/StructureDefinition/resource-information">
        <valueString value="Binary"/>
      </extension>
      <reference>
        <reference value="Binary/cfsb11927289"/>
      </reference>
      <name value="cfsb11927289"/>
      <description value="Suliqua image 11927289"/>
      <exampleBoolean value="true"/>
    </resource>
    <resource>
      <extension url="http://hl7.org/fhir/tools/StructureDefinition/resource-information">
        <valueString value="Binary"/>
      </extension>
      <reference>
        <reference value="Binary/cfsb11927290"/>
      </reference>
      <name value="cfsb11927290"/>
      <description value="Suliqua image 11927290"/>
      <exampleBoolean value="true"/>
    </resource>
    <resource>
      <extension url="http://hl7.org/fhir/tools/StructureDefinition/resource-information">
        <valueString value="Binary"/>
      </extension>
      <reference>
        <reference value="Binary/cfsb11927293"/>
      </reference>
      <name value="cfsb11927293"/>
      <description value="Suliqua image 11927293"/>
      <exampleBoolean value="true"/>
    </resource>
    <resource>
      <extension url="http://hl7.org/fhir/tools/StructureDefinition/resource-information">
        <valueString value="Binary"/>
      </extension>
      <reference>
        <reference value="Binary/cfsb11927295"/>
      </reference>
      <name value="cfsb11927295"/>
      <description value="Suliqua image 11927295"/>
      <exampleBoolean value="true"/>
    </resource>
    <resource>
      <extension url="http://hl7.org/fhir/tools/StructureDefinition/resource-information">
        <valueString value="Binary"/>
      </extension>
      <reference>
        <reference value="Binary/cfsb11927296"/>
      </reference>
      <name value="cfsb11927296"/>
      <description value="Suliqua image 11927296"/>
      <exampleBoolean value="true"/>
    </resource>
    <resource>
      <extension url="http://hl7.org/fhir/tools/StructureDefinition/resource-information">
        <valueString value="Binary"/>
      </extension>
      <reference>
        <reference value="Binary/cfsb11927297"/>
      </reference>
      <name value="cfsb11927297"/>
      <description value="Suliqua image 11927297"/>
      <exampleBoolean value="true"/>
    </resource>
    <resource>
      <extension url="http://hl7.org/fhir/tools/StructureDefinition/resource-information">
        <valueString value="Binary"/>
      </extension>
      <reference>
        <reference value="Binary/cfsb11927298"/>
      </reference>
      <name value="cfsb11927298"/>
      <description value="Suliqua image 11927298"/>
      <exampleBoolean value="true"/>
    </resource>
    <resource>
      <extension url="http://hl7.org/fhir/tools/StructureDefinition/resource-information">
        <valueString value="Binary"/>
      </extension>
      <reference>
        <reference value="Binary/cfsb11927299"/>
      </reference>
      <name value="cfsb11927299"/>
      <description value="Suliqua image 11927299"/>
      <exampleBoolean value="true"/>
    </resource>
    <resource>
      <extension url="http://hl7.org/fhir/tools/StructureDefinition/resource-information">
        <valueString value="Binary"/>
      </extension>
      <reference>
        <reference value="Binary/cfsb11927300"/>
      </reference>
      <name value="cfsb11927300"/>
      <description value="Suliqua image 11927300"/>
      <exampleBoolean value="true"/>
    </resource>
    <resource>
      <extension url="http://hl7.org/fhir/tools/StructureDefinition/resource-information">
        <valueString value="Binary"/>
      </extension>
      <reference>
        <reference value="Binary/cfsb11927301"/>
      </reference>
      <name value="cfsb11927301"/>
      <description value="Suliqua image 11927301"/>
      <exampleBoolean value="true"/>
    </resource>
    <resource>
      <extension url="http://hl7.org/fhir/tools/StructureDefinition/resource-information">
        <valueString value="Binary"/>
      </extension>
      <reference>
        <reference value="Binary/cfsb11927302"/>
      </reference>
      <name value="cfsb11927302"/>
      <description value="Suliqua image 11927302"/>
      <exampleBoolean value="true"/>
    </resource>
    <resource>
      <extension url="http://hl7.org/fhir/tools/StructureDefinition/resource-information">
        <valueString value="Binary"/>
      </extension>
      <reference>
        <reference value="Binary/cfsb11927303"/>
      </reference>
      <name value="cfsb11927303"/>
      <description value="Suliqua image 11927303"/>
      <exampleBoolean value="true"/>
    </resource>
    <resource>
      <extension url="http://hl7.org/fhir/tools/StructureDefinition/resource-information">
        <valueString value="Binary"/>
      </extension>
      <reference>
        <reference value="Binary/cfsb11927304"/>
      </reference>
      <name value="cfsb11927304"/>
      <description value="Suliqua image 11927304"/>
      <exampleBoolean value="true"/>
    </resource>
    <resource>
      <extension url="http://hl7.org/fhir/tools/StructureDefinition/resource-information">
        <valueString value="Ingredient"/>
      </extension>
      <reference>
        <reference value="Ingredient/cfsb1268193754623"/>
      </reference>
      <name value="cfsb1268193754623"/>
      <description value="Concentrated hydrochloric acid"/>
      <exampleBoolean value="true"/>
    </resource>
    <resource>
      <extension url="http://hl7.org/fhir/tools/StructureDefinition/resource-information">
        <valueString value="Composition"/>
      </extension>
      <reference>
        <reference value="Composition/cfsb1316794754115"/>
      </reference>
      <name value="cfsb1316794754115"/>
      <description value="Pakningsvedlegg 100 enheter/ml + 33 mikrogram/ml"/>
      <exampleBoolean value="true"/>
    </resource>
    <resource>
      <extension url="http://hl7.org/fhir/tools/StructureDefinition/resource-information">
        <valueString value="Organization"/>
      </extension>
      <reference>
        <reference value="Organization/cfsb1639003145277"/>
      </reference>
      <name value="cfsb1639003145277"/>
      <description value="Market Authorization Holder"/>
      <exampleBoolean value="true"/>
    </resource>
    <resource>
      <extension url="http://hl7.org/fhir/tools/StructureDefinition/resource-information">
        <valueString value="Composition"/>
      </extension>
      <reference>
        <reference value="Composition/cfsb1639004037108"/>
      </reference>
      <name value="cfsb1639004037108"/>
      <description value="Package Leaflet 30 mg"/>
      <exampleBoolean value="true"/>
    </resource>
    <resource>
      <extension url="http://hl7.org/fhir/tools/StructureDefinition/resource-information">
        <valueString value="Organization"/>
      </extension>
      <reference>
        <reference value="Organization/cfsb1639015344307"/>
      </reference>
      <name value="cfsb1639015344307"/>
      <description value="Manufacturer"/>
      <exampleBoolean value="true"/>
    </resource>
    <resource>
      <extension url="http://hl7.org/fhir/tools/StructureDefinition/resource-information">
        <valueString value="Organization"/>
      </extension>
      <reference>
        <reference value="Organization/cfsb1639015880655"/>
      </reference>
      <name value="cfsb1639015880655"/>
      <description value="EMA"/>
      <exampleBoolean value="true"/>
    </resource>
    <resource>
      <extension url="http://hl7.org/fhir/tools/StructureDefinition/resource-information">
        <valueString value="Ingredient"/>
      </extension>
      <reference>
        <reference value="Ingredient/cfsb1639015963928"/>
      </reference>
      <name value="cfsb1639015963928"/>
      <description value="dimethyl fumarate 30 mg"/>
      <exampleBoolean value="true"/>
    </resource>
    <resource>
      <extension url="http://hl7.org/fhir/tools/StructureDefinition/resource-information">
        <valueString value="Composition"/>
      </extension>
      <reference>
        <reference value="Composition/cfsb1639016804189"/>
      </reference>
      <name value="cfsb1639016804189"/>
      <description value="Package Leaflet 120 mg"/>
      <exampleBoolean value="true"/>
    </resource>
    <resource>
      <extension url="http://hl7.org/fhir/tools/StructureDefinition/resource-information">
        <valueString value="Ingredient"/>
      </extension>
      <reference>
        <reference value="Ingredient/cfsb1639017722742"/>
      </reference>
      <name value="cfsb1639017722742"/>
      <description value="Lactose monohydrate"/>
      <exampleBoolean value="true"/>
    </resource>
    <resource>
      <extension url="http://hl7.org/fhir/tools/StructureDefinition/resource-information">
        <valueString value="Ingredient"/>
      </extension>
      <reference>
        <reference value="Ingredient/cfsb1639018040123"/>
      </reference>
      <name value="cfsb1639018040123"/>
      <description value="Cellulose microcrystalline"/>
      <exampleBoolean value="true"/>
    </resource>
    <resource>
      <extension url="http://hl7.org/fhir/tools/StructureDefinition/resource-information">
        <valueString value="Ingredient"/>
      </extension>
      <reference>
        <reference value="Ingredient/cfsb1639018789432"/>
      </reference>
      <name value="cfsb1639018789432"/>
      <description value="dimethyl fumarate 120 mg"/>
      <exampleBoolean value="true"/>
    </resource>
    <resource>
      <extension url="http://hl7.org/fhir/tools/StructureDefinition/resource-information">
        <valueString value="Ingredient"/>
      </extension>
      <reference>
        <reference value="Ingredient/cfsb1639019219159"/>
      </reference>
      <name value="cfsb1639019219159"/>
      <description value="Croscarmellose sodium"/>
      <exampleBoolean value="true"/>
    </resource>
    <resource>
      <extension url="http://hl7.org/fhir/tools/StructureDefinition/resource-information">
        <valueString value="Ingredient"/>
      </extension>
      <reference>
        <reference value="Ingredient/cfsb1639188900323"/>
      </reference>
      <name value="cfsb1639188900323"/>
      <description value="Colloidal anhydrous silica"/>
      <exampleBoolean value="true"/>
    </resource>
    <resource>
      <extension url="http://hl7.org/fhir/tools/StructureDefinition/resource-information">
        <valueString value="Ingredient"/>
      </extension>
      <reference>
        <reference value="Ingredient/cfsb1639188914522"/>
      </reference>
      <name value="cfsb1639188914522"/>
      <description value="Magnesium stearate"/>
      <exampleBoolean value="true"/>
    </resource>
    <resource>
      <extension url="http://hl7.org/fhir/tools/StructureDefinition/resource-information">
        <valueString value="Ingredient"/>
      </extension>
      <reference>
        <reference value="Ingredient/cfsb1639188931320"/>
      </reference>
      <name value="cfsb1639188931320"/>
      <description value="Methacrylic acid-ethyl acrylate copolymer (1:1)"/>
      <exampleBoolean value="true"/>
    </resource>
    <resource>
      <extension url="http://hl7.org/fhir/tools/StructureDefinition/resource-information">
        <valueString value="Ingredient"/>
      </extension>
      <reference>
        <reference value="Ingredient/cfsb1639188944570"/>
      </reference>
      <name value="cfsb1639188944570"/>
      <description value="Talc"/>
      <exampleBoolean value="true"/>
    </resource>
    <resource>
      <extension url="http://hl7.org/fhir/tools/StructureDefinition/resource-information">
        <valueString value="Ingredient"/>
      </extension>
      <reference>
        <reference value="Ingredient/cfsb1639188961481"/>
      </reference>
      <name value="cfsb1639188961481"/>
      <description value="Triethyl citrate"/>
      <exampleBoolean value="true"/>
    </resource>
    <resource>
      <extension url="http://hl7.org/fhir/tools/StructureDefinition/resource-information">
        <valueString value="Ingredient"/>
      </extension>
      <reference>
        <reference value="Ingredient/cfsb1639188982012"/>
      </reference>
      <name value="cfsb1639188982012"/>
      <description value="Titanium dioxide (E171)"/>
      <exampleBoolean value="true"/>
    </resource>
    <resource>
      <extension url="http://hl7.org/fhir/tools/StructureDefinition/resource-information">
        <valueString value="Ingredient"/>
      </extension>
      <reference>
        <reference value="Ingredient/cfsb1639188991744"/>
      </reference>
      <name value="cfsb1639188991744"/>
      <description value="Simethicone"/>
      <exampleBoolean value="true"/>
    </resource>
    <resource>
      <extension url="http://hl7.org/fhir/tools/StructureDefinition/resource-information">
        <valueString value="Ingredient"/>
      </extension>
      <reference>
        <reference value="Ingredient/cfsb1639189003542"/>
      </reference>
      <name value="cfsb1639189003542"/>
      <description value="Indigo carmine (E132)"/>
      <exampleBoolean value="true"/>
    </resource>
    <resource>
      <extension url="http://hl7.org/fhir/tools/StructureDefinition/resource-information">
        <valueString value="Ingredient"/>
      </extension>
      <reference>
        <reference value="Ingredient/cfsb1639189015872"/>
      </reference>
      <name value="cfsb1639189015872"/>
      <description value="Sodium hydroxide"/>
      <exampleBoolean value="true"/>
    </resource>
    <resource>
      <extension url="http://hl7.org/fhir/tools/StructureDefinition/resource-information">
        <valueString value="ManufacturedItemDefinition"/>
      </extension>
      <reference>
        <reference value="ManufacturedItemDefinition/cfsb1639190046041"/>
      </reference>
      <name value="cfsb1639190046041"/>
      <description value="30 mg tablet, Blister, 42 pack"/>
      <exampleBoolean value="true"/>
    </resource>
    <resource>
      <extension url="http://hl7.org/fhir/tools/StructureDefinition/resource-information">
        <valueString value="ManufacturedItemDefinition"/>
      </extension>
      <reference>
        <reference value="ManufacturedItemDefinition/cfsb1639191683660"/>
      </reference>
      <name value="cfsb1639191683660"/>
      <description value="120 mg tablet"/>
      <exampleBoolean value="true"/>
    </resource>
    <resource>
      <extension url="http://hl7.org/fhir/tools/StructureDefinition/resource-information">
        <valueString value="AdministrableProductDefinition"/>
      </extension>
      <reference>
        <reference value="AdministrableProductDefinition/cfsb1639227408981"/>
      </reference>
      <name value="cfsb1639227408981"/>
      <description value="30 mg tablet"/>
      <exampleBoolean value="true"/>
    </resource>
    <resource>
      <extension url="http://hl7.org/fhir/tools/StructureDefinition/resource-information">
        <valueString value="AdministrableProductDefinition"/>
      </extension>
      <reference>
        <reference value="AdministrableProductDefinition/cfsb1639228293199"/>
      </reference>
      <name value="cfsb1639228293199"/>
      <description value="120 mg tablet"/>
      <exampleBoolean value="true"/>
    </resource>
    <resource>
      <extension url="http://hl7.org/fhir/tools/StructureDefinition/resource-information">
        <valueString value="PackagedProductDefinition"/>
      </extension>
      <reference>
        <reference value="PackagedProductDefinition/cfsb1639229333787"/>
      </reference>
      <name value="cfsb1639229333787"/>
      <description value="blister x42 - 30 mg"/>
      <exampleBoolean value="true"/>
    </resource>
    <resource>
      <extension url="http://hl7.org/fhir/tools/StructureDefinition/resource-information">
        <valueString value="MedicinalProductDefinition"/>
      </extension>
      <reference>
        <reference value="MedicinalProductDefinition/cfsb1639230499322"/>
      </reference>
      <name value="cfsb1639230499322"/>
      <description value="EU/1/17/1201/001 30 mg, 42 blister"/>
      <exampleBoolean value="true"/>
    </resource>
    <resource>
      <extension url="http://hl7.org/fhir/tools/StructureDefinition/resource-information">
        <valueString value="MedicinalProductDefinition"/>
      </extension>
      <reference>
        <reference value="MedicinalProductDefinition/cfsb1639230548265"/>
      </reference>
      <name value="cfsb1639230548265"/>
      <description value="EU/1/17/1201/013 30 mg, 70 blister"/>
      <exampleBoolean value="true"/>
    </resource>
    <resource>
      <extension url="http://hl7.org/fhir/tools/StructureDefinition/resource-information">
        <valueString value="MedicinalProductDefinition"/>
      </extension>
      <reference>
        <reference value="MedicinalProductDefinition/cfsb1639230598497"/>
      </reference>
      <name value="cfsb1639230598497"/>
      <description value="EU/1/17/1201/014 30 mg, 210 blister"/>
      <exampleBoolean value="true"/>
    </resource>
    <resource>
      <extension url="http://hl7.org/fhir/tools/StructureDefinition/resource-information">
        <valueString value="MedicinalProductDefinition"/>
      </extension>
      <reference>
        <reference value="MedicinalProductDefinition/cfsb1639230620815"/>
      </reference>
      <name value="cfsb1639230620815"/>
      <description value="EU/1/17/1201/002 120 mg, 40 blister"/>
      <exampleBoolean value="true"/>
    </resource>
    <resource>
      <extension url="http://hl7.org/fhir/tools/StructureDefinition/resource-information">
        <valueString value="MedicinalProductDefinition"/>
      </extension>
      <reference>
        <reference value="MedicinalProductDefinition/cfsb1639230646463"/>
      </reference>
      <name value="cfsb1639230646463"/>
      <description value="120 mg, 70 blister"/>
      <exampleBoolean value="true"/>
    </resource>
    <resource>
      <extension url="http://hl7.org/fhir/tools/StructureDefinition/resource-information">
        <valueString value="MedicinalProductDefinition"/>
      </extension>
      <reference>
        <reference value="MedicinalProductDefinition/cfsb1639230697840"/>
      </reference>
      <name value="cfsb1639230697840"/>
      <description value="EU/1/17/1201/004 120 mg, 90 blister"/>
      <exampleBoolean value="true"/>
    </resource>
    <resource>
      <extension url="http://hl7.org/fhir/tools/StructureDefinition/resource-information">
        <valueString value="MedicinalProductDefinition"/>
      </extension>
      <reference>
        <reference value="MedicinalProductDefinition/cfsb1639230722203"/>
      </reference>
      <name value="cfsb1639230722203"/>
      <description value="EU/1/17/1201/005 120 mg, 100 blister"/>
      <exampleBoolean value="true"/>
    </resource>
    <resource>
      <extension url="http://hl7.org/fhir/tools/StructureDefinition/resource-information">
        <valueString value="MedicinalProductDefinition"/>
      </extension>
      <reference>
        <reference value="MedicinalProductDefinition/cfsb1639230742250"/>
      </reference>
      <name value="cfsb1639230742250"/>
      <description value="EU/1/17/1201/006 120 mg, 120 blister"/>
      <exampleBoolean value="true"/>
    </resource>
    <resource>
      <extension url="http://hl7.org/fhir/tools/StructureDefinition/resource-information">
        <valueString value="MedicinalProductDefinition"/>
      </extension>
      <reference>
        <reference value="MedicinalProductDefinition/cfsb1639230766661"/>
      </reference>
      <name value="cfsb1639230766661"/>
      <description value="EU/1/17/1201/007 120 mg, 180 blister"/>
      <exampleBoolean value="true"/>
    </resource>
    <resource>
      <extension url="http://hl7.org/fhir/tools/StructureDefinition/resource-information">
        <valueString value="MedicinalProductDefinition"/>
      </extension>
      <reference>
        <reference value="MedicinalProductDefinition/cfsb1639230793613"/>
      </reference>
      <name value="cfsb1639230793613"/>
      <description value="EU/1/17/1201/008 120 mg, 200 blister"/>
      <exampleBoolean value="true"/>
    </resource>
    <resource>
      <extension url="http://hl7.org/fhir/tools/StructureDefinition/resource-information">
        <valueString value="MedicinalProductDefinition"/>
      </extension>
      <reference>
        <reference value="MedicinalProductDefinition/cfsb1639230826758"/>
      </reference>
      <name value="cfsb1639230826758"/>
      <description value="EU/1/17/1201/009 120 mg, 240 blister"/>
      <exampleBoolean value="true"/>
    </resource>
    <resource>
      <extension url="http://hl7.org/fhir/tools/StructureDefinition/resource-information">
        <valueString value="MedicinalProductDefinition"/>
      </extension>
      <reference>
        <reference value="MedicinalProductDefinition/cfsb1639230862286"/>
      </reference>
      <name value="cfsb1639230862286"/>
      <description value="EU/1/17/1201/012 120 mg, 300 blister"/>
      <exampleBoolean value="true"/>
    </resource>
    <resource>
      <extension url="http://hl7.org/fhir/tools/StructureDefinition/resource-information">
        <valueString value="MedicinalProductDefinition"/>
      </extension>
      <reference>
        <reference value="MedicinalProductDefinition/cfsb1639230887164"/>
      </reference>
      <name value="cfsb1639230887164"/>
      <description value="EU/1/17/1201/010 120 mg, 360 blister"/>
      <exampleBoolean value="true"/>
    </resource>
    <resource>
      <extension url="http://hl7.org/fhir/tools/StructureDefinition/resource-information">
        <valueString value="MedicinalProductDefinition"/>
      </extension>
      <reference>
        <reference value="MedicinalProductDefinition/cfsb1639230903448"/>
      </reference>
      <name value="cfsb1639230903448"/>
      <description value="EU/1/17/1201/011 120 mg, 400"/>
      <exampleBoolean value="true"/>
    </resource>
    <resource>
      <extension url="http://hl7.org/fhir/tools/StructureDefinition/resource-information">
        <valueString value="RegulatedAuthorization"/>
      </extension>
      <reference>
        <reference value="RegulatedAuthorization/cfsb1639230948355"/>
      </reference>
      <name value="cfsb1639230948355"/>
      <description value="EU/1/17/1201/001 42 - 30 mg"/>
      <exampleBoolean value="true"/>
    </resource>
    <resource>
      <extension url="http://hl7.org/fhir/tools/StructureDefinition/resource-information">
        <valueString value="RegulatedAuthorization"/>
      </extension>
      <reference>
        <reference value="RegulatedAuthorization/cfsb1639230976872"/>
      </reference>
      <name value="cfsb1639230976872"/>
      <description value="EU/1/17/1201/003  70 - 120 mg"/>
      <exampleBoolean value="true"/>
    </resource>
    <resource>
      <extension url="http://hl7.org/fhir/tools/StructureDefinition/resource-information">
        <valueString value="RegulatedAuthorization"/>
      </extension>
      <reference>
        <reference value="RegulatedAuthorization/cfsb1639231000086"/>
      </reference>
      <name value="cfsb1639231000086"/>
      <description value="EU/1/17/1201/004  90 - 120 mg"/>
      <exampleBoolean value="true"/>
    </resource>
    <resource>
      <extension url="http://hl7.org/fhir/tools/StructureDefinition/resource-information">
        <valueString value="RegulatedAuthorization"/>
      </extension>
      <reference>
        <reference value="RegulatedAuthorization/cfsb1639231013897"/>
      </reference>
      <name value="cfsb1639231013897"/>
      <description value="EU/1/17/1201/005  100 - 120 mg"/>
      <exampleBoolean value="true"/>
    </resource>
    <resource>
      <extension url="http://hl7.org/fhir/tools/StructureDefinition/resource-information">
        <valueString value="RegulatedAuthorization"/>
      </extension>
      <reference>
        <reference value="RegulatedAuthorization/cfsb1639231032998"/>
      </reference>
      <name value="cfsb1639231032998"/>
      <description value="EU/1/17/1201/006  120 - 120 mg"/>
      <exampleBoolean value="true"/>
    </resource>
    <resource>
      <extension url="http://hl7.org/fhir/tools/StructureDefinition/resource-information">
        <valueString value="RegulatedAuthorization"/>
      </extension>
      <reference>
        <reference value="RegulatedAuthorization/cfsb1639231046829"/>
      </reference>
      <name value="cfsb1639231046829"/>
      <description value="EU/1/17/1201/007  180 - 120 mg"/>
      <exampleBoolean value="true"/>
    </resource>
    <resource>
      <extension url="http://hl7.org/fhir/tools/StructureDefinition/resource-information">
        <valueString value="RegulatedAuthorization"/>
      </extension>
      <reference>
        <reference value="RegulatedAuthorization/cfsb1639231057362"/>
      </reference>
      <name value="cfsb1639231057362"/>
      <description value="EU/1/17/1201/008  200 - 120 mg"/>
      <exampleBoolean value="true"/>
    </resource>
    <resource>
      <extension url="http://hl7.org/fhir/tools/StructureDefinition/resource-information">
        <valueString value="RegulatedAuthorization"/>
      </extension>
      <reference>
        <reference value="RegulatedAuthorization/cfsb1639231057363"/>
      </reference>
      <name value="cfsb1639231057363"/>
      <description value="EU/1/17/1201/008  200 - 120 mg"/>
      <exampleBoolean value="true"/>
    </resource>
    <resource>
      <extension url="http://hl7.org/fhir/tools/StructureDefinition/resource-information">
        <valueString value="RegulatedAuthorization"/>
      </extension>
      <reference>
        <reference value="RegulatedAuthorization/cfsb1639231077127"/>
      </reference>
      <name value="cfsb1639231077127"/>
      <description value="EU/1/17/1201/012  300 - 120 mg"/>
      <exampleBoolean value="true"/>
    </resource>
    <resource>
      <extension url="http://hl7.org/fhir/tools/StructureDefinition/resource-information">
        <valueString value="RegulatedAuthorization"/>
      </extension>
      <reference>
        <reference value="RegulatedAuthorization/cfsb1639231090127"/>
      </reference>
      <name value="cfsb1639231090127"/>
      <description value="EU/1/17/1201/010 360 - 120 mg"/>
      <exampleBoolean value="true"/>
    </resource>
    <resource>
      <extension url="http://hl7.org/fhir/tools/StructureDefinition/resource-information">
        <valueString value="RegulatedAuthorization"/>
      </extension>
      <reference>
        <reference value="RegulatedAuthorization/cfsb1639231102456"/>
      </reference>
      <name value="cfsb1639231102456"/>
      <description value="EU/1/17/1201/011 400 - 120 mg"/>
      <exampleBoolean value="true"/>
    </resource>
    <resource>
      <extension url="http://hl7.org/fhir/tools/StructureDefinition/resource-information">
        <valueString value="RegulatedAuthorization"/>
      </extension>
      <reference>
        <reference value="RegulatedAuthorization/cfsb1639231126420"/>
      </reference>
      <name value="cfsb1639231126420"/>
      <description value="EU/1/17/1201/013 70 - 30 mg"/>
      <exampleBoolean value="true"/>
    </resource>
    <resource>
      <extension url="http://hl7.org/fhir/tools/StructureDefinition/resource-information">
        <valueString value="RegulatedAuthorization"/>
      </extension>
      <reference>
        <reference value="RegulatedAuthorization/cfsb1639231145768"/>
      </reference>
      <name value="cfsb1639231145768"/>
      <description value="EU/1/17/1201/014 210 - 30 mg"/>
      <exampleBoolean value="true"/>
    </resource>
    <resource>
      <extension url="http://hl7.org/fhir/tools/StructureDefinition/resource-information">
        <valueString value="PackagedProductDefinition"/>
      </extension>
      <reference>
        <reference value="PackagedProductDefinition/cfsb1639231211443"/>
      </reference>
      <name value="cfsb1639231211443"/>
      <description value="blister x70 30 mg"/>
      <exampleBoolean value="true"/>
    </resource>
    <resource>
      <extension url="http://hl7.org/fhir/tools/StructureDefinition/resource-information">
        <valueString value="PackagedProductDefinition"/>
      </extension>
      <reference>
        <reference value="PackagedProductDefinition/cfsb1639231308548"/>
      </reference>
      <name value="cfsb1639231308548"/>
      <description value="blister x210 30 mg"/>
      <exampleBoolean value="true"/>
    </resource>
    <resource>
      <extension url="http://hl7.org/fhir/tools/StructureDefinition/resource-information">
        <valueString value="PackagedProductDefinition"/>
      </extension>
      <reference>
        <reference value="PackagedProductDefinition/cfsb1639231329878"/>
      </reference>
      <name value="cfsb1639231329878"/>
      <description value="blister x40 120 mg"/>
      <exampleBoolean value="true"/>
    </resource>
    <resource>
      <extension url="http://hl7.org/fhir/tools/StructureDefinition/resource-information">
        <valueString value="PackagedProductDefinition"/>
      </extension>
      <reference>
        <reference value="PackagedProductDefinition/cfsb1639231345377"/>
      </reference>
      <name value="cfsb1639231345377"/>
      <description value="blister x70 120 mg"/>
      <exampleBoolean value="true"/>
    </resource>
    <resource>
      <extension url="http://hl7.org/fhir/tools/StructureDefinition/resource-information">
        <valueString value="PackagedProductDefinition"/>
      </extension>
      <reference>
        <reference value="PackagedProductDefinition/cfsb1639231381772"/>
      </reference>
      <name value="cfsb1639231381772"/>
      <description value="blister x100 120 mg"/>
      <exampleBoolean value="true"/>
    </resource>
    <resource>
      <extension url="http://hl7.org/fhir/tools/StructureDefinition/resource-information">
        <valueString value="PackagedProductDefinition"/>
      </extension>
      <reference>
        <reference value="PackagedProductDefinition/cfsb1639231397203"/>
      </reference>
      <name value="cfsb1639231397203"/>
      <description value="blister x120 120 mg"/>
      <exampleBoolean value="true"/>
    </resource>
    <resource>
      <extension url="http://hl7.org/fhir/tools/StructureDefinition/resource-information">
        <valueString value="PackagedProductDefinition"/>
      </extension>
      <reference>
        <reference value="PackagedProductDefinition/cfsb1639231412668"/>
      </reference>
      <name value="cfsb1639231412668"/>
      <description value="blister x180 120 mg"/>
      <exampleBoolean value="true"/>
    </resource>
    <resource>
      <extension url="http://hl7.org/fhir/tools/StructureDefinition/resource-information">
        <valueString value="PackagedProductDefinition"/>
      </extension>
      <reference>
        <reference value="PackagedProductDefinition/cfsb1639231426617"/>
      </reference>
      <name value="cfsb1639231426617"/>
      <description value="blister x200 120 mg"/>
      <exampleBoolean value="true"/>
    </resource>
    <resource>
      <extension url="http://hl7.org/fhir/tools/StructureDefinition/resource-information">
        <valueString value="PackagedProductDefinition"/>
      </extension>
      <reference>
        <reference value="PackagedProductDefinition/cfsb1639231440511"/>
      </reference>
      <name value="cfsb1639231440511"/>
      <description value="blister x240 120 mg"/>
      <exampleBoolean value="true"/>
    </resource>
    <resource>
      <extension url="http://hl7.org/fhir/tools/StructureDefinition/resource-information">
        <valueString value="PackagedProductDefinition"/>
      </extension>
      <reference>
        <reference value="PackagedProductDefinition/cfsb1639231457677"/>
      </reference>
      <name value="cfsb1639231457677"/>
      <description value="blister x360 120 mg"/>
      <exampleBoolean value="true"/>
    </resource>
    <resource>
      <extension url="http://hl7.org/fhir/tools/StructureDefinition/resource-information">
        <valueString value="PackagedProductDefinition"/>
      </extension>
      <reference>
        <reference value="PackagedProductDefinition/cfsb1639231480623"/>
      </reference>
      <name value="cfsb1639231480623"/>
      <description value="blister x400 120 mg"/>
      <exampleBoolean value="true"/>
    </resource>
    <resource>
      <extension url="http://hl7.org/fhir/tools/StructureDefinition/resource-information">
        <valueString value="PackagedProductDefinition"/>
      </extension>
      <reference>
        <reference value="PackagedProductDefinition/cfsb1639231529999"/>
      </reference>
      <name value="cfsb1639231529999"/>
      <description value="blister x300 120 mg"/>
      <exampleBoolean value="true"/>
    </resource>
    <resource>
      <extension url="http://hl7.org/fhir/tools/StructureDefinition/resource-information">
        <valueString value="RegulatedAuthorization"/>
      </extension>
      <reference>
        <reference value="RegulatedAuthorization/cfsb1639234802176"/>
      </reference>
      <name value="cfsb1639234802176"/>
      <description value="EU/1/17/1201/002 40 - 120 mg"/>
      <exampleBoolean value="true"/>
    </resource>
    <resource>
      <extension url="http://hl7.org/fhir/tools/StructureDefinition/resource-information">
        <valueString value="ClinicalUseDefinition"/>
      </extension>
      <reference>
        <reference value="ClinicalUseDefinition/cfsb1639240824314"/>
      </reference>
      <name value="cfsb1639240824314"/>
      <description value="Indication"/>
      <exampleBoolean value="true"/>
    </resource>
    <resource>
      <extension url="http://hl7.org/fhir/tools/StructureDefinition/resource-information">
        <valueString value="ClinicalUseDefinition"/>
      </extension>
      <reference>
        <reference value="ClinicalUseDefinition/cfsb1639240847910"/>
      </reference>
      <name value="cfsb1639240847910"/>
      <description value="Contraindication - Gastrointestinal disorders"/>
      <exampleBoolean value="true"/>
    </resource>
    <resource>
      <extension url="http://hl7.org/fhir/tools/StructureDefinition/resource-information">
        <valueString value="ClinicalUseDefinition"/>
      </extension>
      <reference>
        <reference value="ClinicalUseDefinition/cfsb1639240914083"/>
      </reference>
      <name value="cfsb1639240914083"/>
      <description value="Contraindication - Hypersensitivity reaction"/>
      <exampleBoolean value="true"/>
    </resource>
    <resource>
      <extension url="http://hl7.org/fhir/tools/StructureDefinition/resource-information">
        <valueString value="ClinicalUseDefinition"/>
      </extension>
      <reference>
        <reference value="ClinicalUseDefinition/cfsb1639240934786"/>
      </reference>
      <name value="cfsb1639240934786"/>
      <description value="Contraindication - Hepatic impairment"/>
      <exampleBoolean value="true"/>
    </resource>
    <resource>
      <extension url="http://hl7.org/fhir/tools/StructureDefinition/resource-information">
        <valueString value="ClinicalUseDefinition"/>
      </extension>
      <reference>
        <reference value="ClinicalUseDefinition/cfsb1639240956900"/>
      </reference>
      <name value="cfsb1639240956900"/>
      <description value="Contraindication - Renal impairment"/>
      <exampleBoolean value="true"/>
    </resource>
    <resource>
      <extension url="http://hl7.org/fhir/tools/StructureDefinition/resource-information">
        <valueString value="ClinicalUseDefinition"/>
      </extension>
      <reference>
        <reference value="ClinicalUseDefinition/cfsb1639240978629"/>
      </reference>
      <name value="cfsb1639240978629"/>
      <description value="Contraindication - Pregnancy"/>
      <exampleBoolean value="true"/>
    </resource>
    <resource>
      <extension url="http://hl7.org/fhir/tools/StructureDefinition/resource-information">
        <valueString value="ClinicalUseDefinition"/>
      </extension>
      <reference>
        <reference value="ClinicalUseDefinition/cfsb1639241004890"/>
      </reference>
      <name value="cfsb1639241004890"/>
      <description value="Contraindication - Breast feeding"/>
      <exampleBoolean value="true"/>
    </resource>
    <resource>
      <extension url="http://hl7.org/fhir/tools/StructureDefinition/resource-information">
        <valueString value="ClinicalUseDefinition"/>
      </extension>
      <reference>
        <reference value="ClinicalUseDefinition/cfsb1639241023005"/>
      </reference>
      <name value="cfsb1639241023005"/>
      <description value="Interaction - METHOTREXATE"/>
      <exampleBoolean value="true"/>
    </resource>
    <resource>
      <extension url="http://hl7.org/fhir/tools/StructureDefinition/resource-information">
        <valueString value="ClinicalUseDefinition"/>
      </extension>
      <reference>
        <reference value="ClinicalUseDefinition/cfsb1639241034937"/>
      </reference>
      <name value="cfsb1639241034937"/>
      <description value="interaction - CYCLOSPORINE"/>
      <exampleBoolean value="true"/>
    </resource>
    <resource>
      <extension url="http://hl7.org/fhir/tools/StructureDefinition/resource-information">
        <valueString value="Binary"/>
      </extension>
      <reference>
        <reference value="Binary/cfsb1639241073348"/>
      </reference>
      <name value="cfsb1639241073348"/>
      <description value="30 mg tablet pic"/>
      <exampleBoolean value="true"/>
    </resource>
    <resource>
      <extension url="http://hl7.org/fhir/tools/StructureDefinition/resource-information">
        <valueString value="Binary"/>
      </extension>
      <reference>
        <reference value="Binary/cfsb1639241092664"/>
      </reference>
      <name value="cfsb1639241092664"/>
      <description value="120 mg tablet pic"/>
      <exampleBoolean value="true"/>
    </resource>
    <resource>
      <extension url="http://hl7.org/fhir/tools/StructureDefinition/resource-information">
        <valueString value="Organization"/>
      </extension>
      <reference>
        <reference value="Organization/cfsb1639753766266"/>
      </reference>
      <name value="cfsb1639753766266"/>
      <description value="Manufacturer"/>
      <exampleBoolean value="true"/>
    </resource>
    <resource>
      <extension url="http://hl7.org/fhir/tools/StructureDefinition/resource-information">
        <valueString value="Organization"/>
      </extension>
      <reference>
        <reference value="Organization/cfsb1639754108144"/>
      </reference>
      <name value="cfsb1639754108144"/>
      <description value="Market Authorization Holder"/>
      <exampleBoolean value="true"/>
    </resource>
    <resource>
      <extension url="http://hl7.org/fhir/tools/StructureDefinition/resource-information">
        <valueString value="Ingredient"/>
      </extension>
      <reference>
        <reference value="Ingredient/cfsb1639754408039"/>
      </reference>
      <name value="cfsb1639754408039"/>
      <description value="fosfomycin trometamol 3g"/>
      <exampleBoolean value="true"/>
    </resource>
    <resource>
      <extension url="http://hl7.org/fhir/tools/StructureDefinition/resource-information">
        <valueString value="ManufacturedItemDefinition"/>
      </extension>
      <reference>
        <reference value="ManufacturedItemDefinition/cfsb1639756818482"/>
      </reference>
      <name value="cfsb1639756818482"/>
      <description value="Monuril Granules for oral solution"/>
      <exampleBoolean value="true"/>
    </resource>
    <resource>
      <extension url="http://hl7.org/fhir/tools/StructureDefinition/resource-information">
        <valueString value="PackagedProductDefinition"/>
      </extension>
      <reference>
        <reference value="PackagedProductDefinition/cfsb1639758328687"/>
      </reference>
      <name value="cfsb1639758328687"/>
      <description value="Monuril 5 sachets of 8 g of granules (3 g fosfomycin)"/>
      <exampleBoolean value="true"/>
    </resource>
    <resource>
      <extension url="http://hl7.org/fhir/tools/StructureDefinition/resource-information">
        <valueString value="MedicinalProductDefinition"/>
      </extension>
      <reference>
        <reference value="MedicinalProductDefinition/cfsb1639760186202"/>
      </reference>
      <name value="cfsb1639760186202"/>
      <description value="Medicinal Product"/>
      <exampleBoolean value="true"/>
    </resource>
    <resource>
      <extension url="http://hl7.org/fhir/tools/StructureDefinition/resource-information">
        <valueString value="AdministrableProductDefinition"/>
      </extension>
      <reference>
        <reference value="AdministrableProductDefinition/cfsb1639760977050"/>
      </reference>
      <name value="cfsb1639760977050"/>
      <description value="Administrable Product"/>
      <exampleBoolean value="true"/>
    </resource>
    <resource>
      <extension url="http://hl7.org/fhir/tools/StructureDefinition/resource-information">
        <valueString value="RegulatedAuthorization"/>
      </extension>
      <reference>
        <reference value="RegulatedAuthorization/cfsb1639761980721"/>
      </reference>
      <name value="cfsb1639761980721"/>
      <description value="Regulated Authorization"/>
      <exampleBoolean value="true"/>
    </resource>
    <resource>
      <extension url="http://hl7.org/fhir/tools/StructureDefinition/resource-information">
        <valueString value="Ingredient"/>
      </extension>
      <reference>
        <reference value="Ingredient/cfsb1639762372321"/>
      </reference>
      <name value="cfsb1639762372321"/>
      <description value="Saccharin"/>
      <exampleBoolean value="true"/>
    </resource>
    <resource>
      <extension url="http://hl7.org/fhir/tools/StructureDefinition/resource-information">
        <valueString value="Ingredient"/>
      </extension>
      <reference>
        <reference value="Ingredient/cfsb1639762372322"/>
      </reference>
      <name value="cfsb1639762372322"/>
      <description value="Orange flavour"/>
      <exampleBoolean value="true"/>
    </resource>
    <resource>
      <extension url="http://hl7.org/fhir/tools/StructureDefinition/resource-information">
        <valueString value="Ingredient"/>
      </extension>
      <reference>
        <reference value="Ingredient/cfsb1639762372323"/>
      </reference>
      <name value="cfsb1639762372323"/>
      <description value="Mandarin flavour"/>
      <exampleBoolean value="true"/>
    </resource>
    <resource>
      <extension url="http://hl7.org/fhir/tools/StructureDefinition/resource-information">
        <valueString value="Ingredient"/>
      </extension>
      <reference>
        <reference value="Ingredient/cfsb1639762593730"/>
      </reference>
      <name value="cfsb1639762593730"/>
      <description value="Sucrose"/>
      <exampleBoolean value="true"/>
    </resource>
    <resource>
      <extension url="http://hl7.org/fhir/tools/StructureDefinition/resource-information">
        <valueString value="PackagedProductDefinition"/>
      </extension>
      <reference>
        <reference value="PackagedProductDefinition/cfsb1639764389611"/>
      </reference>
      <name value="cfsb1639764389611"/>
      <description value="Packaged Product - 2 sachets of 8 g of granules"/>
      <exampleBoolean value="true"/>
    </resource>
    <resource>
      <extension url="http://hl7.org/fhir/tools/StructureDefinition/resource-information">
        <valueString value="PackagedProductDefinition"/>
      </extension>
      <reference>
        <reference value="PackagedProductDefinition/cfsb1639764389612"/>
      </reference>
      <name value="cfsb1639764389612"/>
      <description value="Packaged Product - 1 sachet of 8 g of granules"/>
      <exampleBoolean value="true"/>
    </resource>
    <resource>
      <extension url="http://hl7.org/fhir/tools/StructureDefinition/resource-information">
        <valueString value="Composition"/>
      </extension>
      <reference>
        <reference value="Composition/cfsb1639991356428"/>
      </reference>
      <name value="cfsb1639991356428"/>
      <description value="Package Leaflet"/>
      <exampleBoolean value="true"/>
    </resource>
    <resource>
      <extension url="http://hl7.org/fhir/tools/StructureDefinition/resource-information">
        <valueString value="Organization"/>
      </extension>
      <reference>
        <reference value="Organization/cfsb1640282801639"/>
      </reference>
      <name value="cfsb1640282801639"/>
      <description value="EMA"/>
      <exampleBoolean value="true"/>
    </resource>
    <resource>
      <extension url="http://hl7.org/fhir/tools/StructureDefinition/resource-information">
        <valueString value="PackagedProductDefinition"/>
      </extension>
      <reference>
        <reference value="PackagedProductDefinition/cfsb164028843078261"/>
      </reference>
      <name value="cfsb164028843078261"/>
      <description value="blister x90 120 mg"/>
      <exampleBoolean value="true"/>
    </resource>
    <resource>
      <extension url="http://hl7.org/fhir/tools/StructureDefinition/resource-information">
        <valueString value="AdministrableProductDefinition"/>
      </extension>
      <reference>
        <reference value="AdministrableProductDefinition/cfsb1640606978608"/>
      </reference>
      <name value="cfsb1640606978608"/>
      <description value="Humalog 100 U/ml 5 pre-filled pen"/>
      <exampleBoolean value="true"/>
    </resource>
    <resource>
      <extension url="http://hl7.org/fhir/tools/StructureDefinition/resource-information">
        <valueString value="Ingredient"/>
      </extension>
      <reference>
        <reference value="Ingredient/cfsb1640607635665"/>
      </reference>
      <name value="cfsb1640607635665"/>
      <description value="Insulin Lispro"/>
      <exampleBoolean value="true"/>
    </resource>
    <resource>
      <extension url="http://hl7.org/fhir/tools/StructureDefinition/resource-information">
        <valueString value="ManufacturedItemDefinition"/>
      </extension>
      <reference>
        <reference value="ManufacturedItemDefinition/cfsb1640777487408"/>
      </reference>
      <name value="cfsb1640777487408"/>
      <description value="Manufactured Item"/>
      <exampleBoolean value="true"/>
    </resource>
    <resource>
      <extension url="http://hl7.org/fhir/tools/StructureDefinition/resource-information">
        <valueString value="Ingredient"/>
      </extension>
      <reference>
        <reference value="Ingredient/cfsb1640780048702"/>
      </reference>
      <name value="cfsb1640780048702"/>
      <description value="Glycerol"/>
      <exampleBoolean value="true"/>
    </resource>
    <resource>
      <extension url="http://hl7.org/fhir/tools/StructureDefinition/resource-information">
        <valueString value="Ingredient"/>
      </extension>
      <reference>
        <reference value="Ingredient/cfsb1640780419325"/>
      </reference>
      <name value="cfsb1640780419325"/>
      <description value="metacresol"/>
      <exampleBoolean value="true"/>
    </resource>
    <resource>
      <extension url="http://hl7.org/fhir/tools/StructureDefinition/resource-information">
        <valueString value="Ingredient"/>
      </extension>
      <reference>
        <reference value="Ingredient/cfsb1640780546710"/>
      </reference>
      <name value="cfsb1640780546710"/>
      <description value="Trometamol"/>
      <exampleBoolean value="true"/>
    </resource>
    <resource>
      <extension url="http://hl7.org/fhir/tools/StructureDefinition/resource-information">
        <valueString value="Ingredient"/>
      </extension>
      <reference>
        <reference value="Ingredient/cfsb1640780625902"/>
      </reference>
      <name value="cfsb1640780625902"/>
      <description value="Zinc Oxide"/>
      <exampleBoolean value="true"/>
    </resource>
    <resource>
      <extension url="http://hl7.org/fhir/tools/StructureDefinition/resource-information">
        <valueString value="Ingredient"/>
      </extension>
      <reference>
        <reference value="Ingredient/cfsb1640780743829"/>
      </reference>
      <name value="cfsb1640780743829"/>
      <description value="Water for injections"/>
      <exampleBoolean value="true"/>
    </resource>
    <resource>
      <extension url="http://hl7.org/fhir/tools/StructureDefinition/resource-information">
        <valueString value="Ingredient"/>
      </extension>
      <reference>
        <reference value="Ingredient/cfsb1640780784213"/>
      </reference>
      <name value="cfsb1640780784213"/>
      <description value="Hydrochloric acid"/>
      <exampleBoolean value="true"/>
    </resource>
    <resource>
      <extension url="http://hl7.org/fhir/tools/StructureDefinition/resource-information">
        <valueString value="Ingredient"/>
      </extension>
      <reference>
        <reference value="Ingredient/cfsb1640780830373"/>
      </reference>
      <name value="cfsb1640780830373"/>
      <description value="Sodium Hydroxide"/>
      <exampleBoolean value="true"/>
    </resource>
    <resource>
      <extension url="http://hl7.org/fhir/tools/StructureDefinition/resource-information">
        <valueString value="PackagedProductDefinition"/>
      </extension>
      <reference>
        <reference value="PackagedProductDefinition/cfsb1640781499340"/>
      </reference>
      <name value="cfsb1640781499340"/>
      <description value="5 pre-filled pens, 3 ml (3.5 mg/ml)"/>
      <exampleBoolean value="true"/>
    </resource>
    <resource>
      <extension url="http://hl7.org/fhir/tools/StructureDefinition/resource-information">
        <valueString value="RegulatedAuthorization"/>
      </extension>
      <reference>
        <reference value="RegulatedAuthorization/cfsb1640870220343"/>
      </reference>
      <name value="cfsb1640870220343"/>
      <description value="Regulated Authorization"/>
      <exampleBoolean value="true"/>
    </resource>
    <resource>
      <extension url="http://hl7.org/fhir/tools/StructureDefinition/resource-information">
        <valueString value="Organization"/>
      </extension>
      <reference>
        <reference value="Organization/cfsb1640870284639"/>
      </reference>
      <name value="cfsb1640870284639"/>
      <description value="Marketing Authorization Holder"/>
      <exampleBoolean value="true"/>
    </resource>
    <resource>
      <extension url="http://hl7.org/fhir/tools/StructureDefinition/resource-information">
        <valueString value="Organization"/>
      </extension>
      <reference>
        <reference value="Organization/cfsb1640870328895"/>
      </reference>
      <name value="cfsb1640870328895"/>
      <description value="Manufacturer"/>
      <exampleBoolean value="true"/>
    </resource>
    <resource>
      <extension url="http://hl7.org/fhir/tools/StructureDefinition/resource-information">
        <valueString value="MedicinalProductDefinition"/>
      </extension>
      <reference>
        <reference value="MedicinalProductDefinition/cfsb1641212233583"/>
      </reference>
      <name value="cfsb1641212233583"/>
      <description value="EU/1/96/007/035 Humalog Mix50 Insulin KwikPen, 3ml pre-fill"/>
      <exampleBoolean value="true"/>
    </resource>
    <resource>
      <extension url="http://hl7.org/fhir/tools/StructureDefinition/resource-information">
        <valueString value="Organization"/>
      </extension>
      <reference>
        <reference value="Organization/cfsb1641381635293"/>
      </reference>
      <name value="cfsb1641381635293"/>
      <description value="Manufaturer API"/>
      <exampleBoolean value="true"/>
    </resource>
    <resource>
      <extension url="http://hl7.org/fhir/tools/StructureDefinition/resource-information">
        <valueString value="Composition"/>
      </extension>
      <reference>
        <reference value="Composition/cfsb1641383289499"/>
      </reference>
      <name value="cfsb1641383289499"/>
      <description value="Package Leaflet"/>
      <exampleBoolean value="true"/>
    </resource>
    <resource>
      <extension url="http://hl7.org/fhir/tools/StructureDefinition/resource-information">
        <valueString value="Bundle"/>
      </extension>
      <reference>
        <reference value="Bundle/cfsb1641827801260"/>
      </reference>
      <name value="Vulcan Humalog FHIR Package Insert"/>
      <description value="Instance of Humalog package insert for Connectathon testing"/>
      <exampleBoolean value="true"/>
    </resource>
    <resource>
      <extension url="http://hl7.org/fhir/tools/StructureDefinition/resource-information">
        <valueString value="RegulatedAuthorization"/>
      </extension>
      <reference>
        <reference value="RegulatedAuthorization/cfsb2023900992766"/>
      </reference>
      <name value="cfsb2023900992766"/>
      <description value="EU/1/16/1157/003 100/33 x3 pre-filled pens"/>
      <exampleBoolean value="true"/>
    </resource>
    <resource>
      <extension url="http://hl7.org/fhir/tools/StructureDefinition/resource-information">
        <valueString value="Organization"/>
      </extension>
      <reference>
        <reference value="Organization/cfsb2176224411725"/>
      </reference>
      <name value="cfsb2176224411725"/>
      <description value="Manufacturer API"/>
      <exampleBoolean value="true"/>
    </resource>
    <resource>
      <extension url="http://hl7.org/fhir/tools/StructureDefinition/resource-information">
        <valueString value="Bundle"/>
      </extension>
      <reference>
        <reference value="Bundle/cfsb2726030964451"/>
      </reference>
      <name value="Vulcan Suliqua FHIR Package Insert 100/33 x3 pre-filled pens"/>
      <description value="Instance of Suliqua package insert for Connectathon testing"/>
      <exampleBoolean value="true"/>
    </resource>
    <resource>
      <extension url="http://hl7.org/fhir/tools/StructureDefinition/resource-information">
        <valueString value="PackagedProductDefinition"/>
      </extension>
      <reference>
        <reference value="PackagedProductDefinition/cfsb2900611666086"/>
      </reference>
      <name value="cfsb2900611666086"/>
      <description value="x5 pre-filled pens"/>
      <exampleBoolean value="true"/>
    </resource>
    <resource>
      <extension url="http://hl7.org/fhir/tools/StructureDefinition/resource-information">
        <valueString value="Ingredient"/>
      </extension>
      <reference>
        <reference value="Ingredient/cfsb3286639616821"/>
      </reference>
      <name value="cfsb3286639616821"/>
      <description value="Sodium hydroxide"/>
      <exampleBoolean value="true"/>
    </resource>
    <resource>
      <extension url="http://hl7.org/fhir/tools/StructureDefinition/resource-information">
        <valueString value="AdministrableProductDefinition"/>
      </extension>
      <reference>
        <reference value="AdministrableProductDefinition/cfsb3361388689784"/>
      </reference>
      <name value="cfsb3361388689784"/>
      <description value="Suliqua 100 units/ml + 50 micrograms/ml solution for injection in x5 pre-filled pens"/>
      <exampleBoolean value="true"/>
    </resource>
    <resource>
      <extension url="http://hl7.org/fhir/tools/StructureDefinition/resource-information">
        <valueString value="Ingredient"/>
      </extension>
      <reference>
        <reference value="Ingredient/cfsb3768802370375"/>
      </reference>
      <name value="cfsb3768802370375"/>
      <description value="Insulin glargine 100 units/ml"/>
      <exampleBoolean value="true"/>
    </resource>
    <resource>
      <extension url="http://hl7.org/fhir/tools/StructureDefinition/resource-information">
        <valueString value="ClinicalUseDefinition"/>
      </extension>
      <reference>
        <reference value="ClinicalUseDefinition/cfsb4325643431772"/>
      </reference>
      <name value="cfsb4325643431772"/>
      <description value="Contraindication - Hypersensitivity reaction"/>
      <exampleBoolean value="true"/>
    </resource>
    <resource>
      <extension url="http://hl7.org/fhir/tools/StructureDefinition/resource-information">
        <valueString value="Composition"/>
      </extension>
      <reference>
        <reference value="Composition/cfsb5419150199436"/>
      </reference>
      <name value="cfsb5419150199436"/>
      <description value="Pakningsvedlegg 100 enheter/ml + 50 mikrogram/ml"/>
      <exampleBoolean value="true"/>
    </resource>
    <resource>
      <extension url="http://hl7.org/fhir/tools/StructureDefinition/resource-information">
        <valueString value="PackagedProductDefinition"/>
      </extension>
      <reference>
        <reference value="PackagedProductDefinition/cfsb5595996591065"/>
      </reference>
      <name value="cfsb5595996591065"/>
      <description value="x3 pre-filled pens"/>
      <exampleBoolean value="true"/>
    </resource>
    <resource>
      <extension url="http://hl7.org/fhir/tools/StructureDefinition/resource-information">
        <valueString value="DocumentReference"/>
      </extension>
      <reference>
        <reference value="DocumentReference/cfsb5671063821622"/>
      </reference>
      <name value="cfsb5671063821622"/>
      <description value="Suliqua MP4 instruction video"/>
      <exampleBoolean value="true"/>
    </resource>
    <resource>
      <extension url="http://hl7.org/fhir/tools/StructureDefinition/resource-information">
        <valueString value="AdministrableProductDefinition"/>
      </extension>
      <reference>
        <reference value="AdministrableProductDefinition/cfsb5880516529064"/>
      </reference>
      <name value="cfsb5880516529064"/>
      <description value="Suliqua 100 units/ml + 33 micrograms/ml solution for injection in x3 pre-filled pens"/>
      <exampleBoolean value="true"/>
    </resource>
    <resource>
      <extension url="http://hl7.org/fhir/tools/StructureDefinition/resource-information">
        <valueString value="Organization"/>
      </extension>
      <reference>
        <reference value="Organization/cfsb6005885654359"/>
      </reference>
      <name value="cfsb6005885654359"/>
      <description value="Market Authorization Holder"/>
      <exampleBoolean value="true"/>
    </resource>
    <resource>
      <extension url="http://hl7.org/fhir/tools/StructureDefinition/resource-information">
        <valueString value="ManufacturedItemDefinition"/>
      </extension>
      <reference>
        <reference value="ManufacturedItemDefinition/cfsb6176453266374"/>
      </reference>
      <name value="cfsb6176453266374"/>
      <description value="Suliqua 100 units/ml + 50 micrograms/ml solution for injection in x5 pre-filled pens"/>
      <exampleBoolean value="true"/>
    </resource>
    <resource>
      <extension url="http://hl7.org/fhir/tools/StructureDefinition/resource-information">
        <valueString value="Ingredient"/>
      </extension>
      <reference>
        <reference value="Ingredient/cfsb7034777237464"/>
      </reference>
      <name value="cfsb7034777237464"/>
      <description value="Water for injections"/>
      <exampleBoolean value="true"/>
    </resource>
    <resource>
      <extension url="http://hl7.org/fhir/tools/StructureDefinition/resource-information">
        <valueString value="ManufacturedItemDefinition"/>
      </extension>
      <reference>
        <reference value="ManufacturedItemDefinition/cfsb7089233601948"/>
      </reference>
      <name value="cfsb7089233601948"/>
      <description value="Suliqua 100 units/ml + 33 micrograms/ml solution for injection in x3 pre-filled pens"/>
      <exampleBoolean value="true"/>
    </resource>
    <resource>
      <extension url="http://hl7.org/fhir/tools/StructureDefinition/resource-information">
        <valueString value="MedicinalProductDefinition"/>
      </extension>
      <reference>
        <reference value="MedicinalProductDefinition/cfsb7123030148537"/>
      </reference>
      <name value="cfsb7123030148537"/>
      <description value="EU/1/16/1157/003 100/33 x3 pre-filled pens"/>
      <exampleBoolean value="true"/>
    </resource>
    <resource>
      <extension url="http://hl7.org/fhir/tools/StructureDefinition/resource-information">
        <valueString value="Ingredient"/>
      </extension>
      <reference>
        <reference value="Ingredient/cfsb7194634205639"/>
      </reference>
      <name value="cfsb7194634205639"/>
      <description value="Metacresol"/>
      <exampleBoolean value="true"/>
    </resource>
    <resource>
      <extension url="http://hl7.org/fhir/tools/StructureDefinition/resource-information">
        <valueString value="Ingredient"/>
      </extension>
      <reference>
        <reference value="Ingredient/cfsb7644964356957"/>
      </reference>
      <name value="cfsb7644964356957"/>
      <description value="Glycerol 85%"/>
      <exampleBoolean value="true"/>
    </resource>
    <resource>
      <extension url="http://hl7.org/fhir/tools/StructureDefinition/resource-information">
        <valueString value="Organization"/>
      </extension>
      <reference>
        <reference value="Organization/cfsb7719260512249"/>
      </reference>
      <name value="cfsb7719260512249"/>
      <description value="Manufacturer Batch release"/>
      <exampleBoolean value="true"/>
    </resource>
    <resource>
      <extension url="http://hl7.org/fhir/tools/StructureDefinition/resource-information">
        <valueString value="Ingredient"/>
      </extension>
      <reference>
        <reference value="Ingredient/cfsb8364716455502"/>
      </reference>
      <name value="cfsb8364716455502"/>
      <description value="Lixisenatide 33 ug/ml"/>
      <exampleBoolean value="true"/>
    </resource>
    <resource>
      <extension url="http://hl7.org/fhir/tools/StructureDefinition/resource-information">
        <valueString value="ClinicalUseDefinition"/>
      </extension>
      <reference>
        <reference value="ClinicalUseDefinition/cfsb8699684597483"/>
      </reference>
      <name value="cfsb8699684597483"/>
      <description value="Indication"/>
      <exampleBoolean value="true"/>
    </resource>
    <resource>
      <extension url="http://hl7.org/fhir/tools/StructureDefinition/resource-information">
        <valueString value="Ingredient"/>
      </extension>
      <reference>
        <reference value="Ingredient/cfsb8724428384435"/>
      </reference>
      <name value="cfsb8724428384435"/>
      <description value="Lixisenatide 50 ug/ml"/>
      <exampleBoolean value="true"/>
    </resource>
    <resource>
      <extension url="http://hl7.org/fhir/tools/StructureDefinition/resource-information">
        <valueString value="Ingredient"/>
      </extension>
      <reference>
        <reference value="Ingredient/cfsb8873568628101"/>
      </reference>
      <name value="cfsb8873568628101"/>
      <description value="Methionine"/>
      <exampleBoolean value="true"/>
    </resource>
    <resource>
      <extension url="http://hl7.org/fhir/tools/StructureDefinition/resource-information">
        <valueString value="Bundle"/>
      </extension>
      <reference>
        <reference value="Bundle/cfsb9078061117831"/>
      </reference>
      <name value="Vulcan Suliqua FHIR Package Insert 100/50 x5 pre-filled pens"/>
      <description value="Instance of Suliqua package insert for Connectathon testing"/>
      <exampleBoolean value="true"/>
    </resource>
    <resource>
      <extension url="http://hl7.org/fhir/tools/StructureDefinition/resource-information">
        <valueString value="Ingredient"/>
      </extension>
      <reference>
        <reference value="Ingredient/cfsb9561966749493"/>
      </reference>
      <name value="cfsb9561966749493"/>
      <description value="Zinc chloride"/>
      <exampleBoolean value="true"/>
    </resource>
    <resource>
      <extension url="http://hl7.org/fhir/tools/StructureDefinition/resource-information">
        <valueString value="RegulatedAuthorization"/>
      </extension>
      <reference>
        <reference value="RegulatedAuthorization/cfsb9631820498004"/>
      </reference>
      <name value="cfsb9631820498004"/>
      <description value="EU/1/16/1157/002 100/50 x5 pre-filled pens"/>
      <exampleBoolean value="true"/>
    </resource>
    <resource>
      <extension url="http://hl7.org/fhir/tools/StructureDefinition/resource-information">
        <valueString value="ClinicalUseDefinition"/>
      </extension>
      <reference>
        <reference value="ClinicalUseDefinition/cfsb9751995969937"/>
      </reference>
      <name value="cfsb9751995969937"/>
      <description value="Interaction - Bezafibrat"/>
      <exampleBoolean value="true"/>
    </resource>
    <resource>
      <extension url="http://hl7.org/fhir/tools/StructureDefinition/resource-information">
        <valueString value="CapabilityStatement"/>
      </extension>
      <reference>
        <reference value="CapabilityStatement/capability-statement-ema"/>
      </reference>
      <name value="Summary of Product Characteristics (SmPC) / Package Leaflet (PL) server"/>
      <exampleBoolean value="false"/>
    </resource>
    <resource>
      <extension url="http://hl7.org/fhir/tools/StructureDefinition/resource-information">
        <valueString value="Bundle"/>
      </extension>
      <reference>
        <reference value="Bundle/fmk-ips-skilarence"/>
      </reference>
      <name value="fmk-ips-skilarence"/>
      <exampleBoolean value="false"/>
    </resource>
    <resource>
      <extension url="http://hl7.org/fhir/tools/StructureDefinition/resource-information">
        <valueString value="MedicinalProductDefinition"/>
      </extension>
      <reference>
        <reference value="MedicinalProductDefinition/example"/>
      </reference>
      <name value="example"/>
      <exampleBoolean value="false"/>
    </resource>
    <page>
      <nameUrl value="toc.html"/>
      <title value="Table of Contents"/>
      <generation value="html"/>
      <page>
        <nameUrl value="index.html"/>
        <title value="Home"/>
        <generation value="markdown"/>
      </page>
      <page>
        <nameUrl value="connections.html"/>
        <title value="Connections"/>
        <generation value="markdown"/>
      </page>
      <page>
        <nameUrl value="copyright.html"/>
        <title value="Copyright"/>
        <generation value="markdown"/>
      </page>
      <page>
        <nameUrl value="downloads.html"/>
        <title value="Downloads"/>
        <generation value="html"/>
      </page>
      <page>
        <nameUrl value="ePI-structure.html"/>
        <title value="E PI Structure"/>
        <generation value="markdown"/>
      </page>
      <page>
        <nameUrl value="terminology.html"/>
        <title value="Terminology"/>
        <generation value="markdown"/>
      </page>
      <page>
        <nameUrl value="use-case-example.html"/>
        <title value="Use Case Example"/>
        <generation value="markdown"/>
      </page>
    </page>
    <parameter>
      <code value="copyrightyear"/>
      <value value="2021+"/>
    </parameter>
    <parameter>
      <code value="releaselabel"/>
      <value value="CI Build"/>
    </parameter>
    <parameter>
      <code value="show-inherited-invariants"/>
      <value value="false"/>
    </parameter>
    <parameter>
      <code value="path-resource"/>
      <value value="input/resources/irbesartan"/>
    </parameter>
    <parameter>
      <code value="path-resource"/>
      <value value="input/resources/oxymetazoline-hydrochloride"/>
    </parameter>
    <parameter>
      <code value="path-resource"/>
      <value value="input/resources/dimethyl-fumarate"/>
    </parameter>
    <parameter>
      <code value="autoload-resources"/>
      <value value="true"/>
    </parameter>
    <parameter>
      <code value="path-resource"/>
      <value value="input/capabilities"/>
    </parameter>
    <parameter>
      <code value="path-resource"/>
      <value value="input/examples"/>
    </parameter>
    <parameter>
      <code value="path-resource"/>
      <value value="input/extensions"/>
    </parameter>
    <parameter>
      <code value="path-resource"/>
      <value value="input/models"/>
    </parameter>
    <parameter>
      <code value="path-resource"/>
      <value value="input/operations"/>
    </parameter>
    <parameter>
      <code value="path-resource"/>
      <value value="input/profiles"/>
    </parameter>
    <parameter>
      <code value="path-resource"/>
      <value value="input/resources"/>
    </parameter>
    <parameter>
      <code value="path-resource"/>
      <value value="input/vocabulary"/>
    </parameter>
    <parameter>
      <code value="path-resource"/>
      <value value="input/testing"/>
    </parameter>
    <parameter>
      <code value="path-resource"/>
      <value value="input/history"/>
    </parameter>
    <parameter>
      <code value="path-resource"/>
      <value value="fsh-generated/resources"/>
    </parameter>
    <parameter>
      <code value="path-pages"/>
      <value value="template/config"/>
    </parameter>
    <parameter>
      <code value="path-pages"/>
      <value value="input/images"/>
    </parameter>
    <parameter>
      <code value="path-liquid"/>
      <value value="template/liquid"/>
    </parameter>
    <parameter>
      <code value="path-liquid"/>
      <value value="input/liquid"/>
    </parameter>
    <parameter>
      <code value="path-qa"/>
      <value value="temp/qa"/>
    </parameter>
    <parameter>
      <code value="path-temp"/>
      <value value="temp/pages"/>
    </parameter>
    <parameter>
      <code value="path-output"/>
      <value value="output"/>
    </parameter>
    <parameter>
      <code value="path-tx-cache"/>
      <value value="input-cache/txcache"/>
    </parameter>
    <parameter>
      <code value="path-suppressed-warnings"/>
      <value value="input/ignoreWarnings.txt"/>
    </parameter>
    <parameter>
      <code value="path-history"/>
      <value value="http://hl7.eu/fhir/ig/gravitate-health/history.html"/>
    </parameter>
    <parameter>
      <code value="template-html"/>
      <value value="template-page.html"/>
    </parameter>
    <parameter>
      <code value="template-md"/>
      <value value="template-page-md.html"/>
    </parameter>
    <parameter>
      <code value="apply-contact"/>
      <value value="true"/>
    </parameter>
    <parameter>
      <code value="apply-context"/>
      <value value="true"/>
    </parameter>
    <parameter>
      <code value="apply-copyright"/>
      <value value="true"/>
    </parameter>
    <parameter>
      <code value="apply-jurisdiction"/>
      <value value="true"/>
    </parameter>
    <parameter>
      <code value="apply-license"/>
      <value value="true"/>
    </parameter>
    <parameter>
      <code value="apply-publisher"/>
      <value value="true"/>
    </parameter>
    <parameter>
      <code value="apply-version"/>
      <value value="true"/>
    </parameter>
    <parameter>
      <code value="active-tables"/>
      <value value="true"/>
    </parameter>
  </definition>
</ImplementationGuide>