<?xml version="1.0" encoding="UTF-8"?>

<Ingredient xmlns="http://hl7.org/fhir">
  <id value="cfsb8364716455502"/>
  <text>
    <status value="generated"/><div xmlns="http://www.w3.org/1999/xhtml"><p><b>Generated Narrative</b></p><div style="display: inline-block; background-color: #d9e0e7; padding: 6px; margin: 4px; border: 1px solid #8da1b4; border-radius: 5px; line-height: 60%"><p style="margin-bottom: 0px">Resource "cfsb8364716455502" </p></div><p><b>identifier</b>: id: 74O62BB01U (OFFICIAL)</p><p><b>status</b>: active</p><p><b>role</b>: active <span style="background: LightGoldenRodYellow; margin: 4px; border: 1px solid khaki"> (#/#00000072072)</span></p><p><b>allergenicIndicator</b>: false</p><h3>Manufacturers</h3><table class="grid"><tr><td>-</td><td><b>Manufacturer</b></td></tr><tr><td>*</td><td><a href="Organization-cfsb2176224411725.html">Organization/cfsb2176224411725</a> "Sanofi-Aventis Deutschland GmbH"</td></tr></table><blockquote><p><b>substance</b></p><h3>Strengths</h3><table class="grid"><tr><td>-</td><td><b>Presentation[x]</b></td><td><b>Basis</b></td></tr><tr><td>*</td><td>33 ug/ml</td><td>active ingredient - basis of strength <span style="background: LightGoldenRodYellow; margin: 4px; border: 1px solid khaki"> (v3-RoleClassIngredientEntity#ACTIB)</span></td></tr></table></blockquote></div>
  </text>
  <identifier>
    <use value="official"/>
    <system value="https://gsrs.ncats.nih.gov/ginas/app/beta/"/>
    <value value="74O62BB01U"/>
  </identifier>
  <status value="active"/>
  <role>
    <coding>
      <system value="https://spor.ema.europa.eu/rmswi/"/>
      <code value="/#00000072072"/>
    </coding>
    <text value="active"/>
  </role>
  <allergenicIndicator value="false"/>
  <manufacturer>
    <manufacturer>
      <reference value="Organization/cfsb2176224411725"/>
    </manufacturer>
  </manufacturer>
  <substance>
    <code>
      <concept>
        <coding>
          <system value="https://gsrs.ncats.nih.gov/ginas/app/beta/"/>
          <code value="74O62BB01U"/>
          <display value="Lixisenatide"/>
        </coding>
      </concept>
    </code>
    <strength>
      <presentationQuantity>
        <value value="33"/>
        <unit value="ug/ml"/>
      </presentationQuantity>
      <basis>
        <coding>
          <system value="http://terminology.hl7.org/ValueSet/v3-RoleClassIngredientEntity"/>
          <code value="ACTIB"/>
        </coding>
        <text value="active ingredient - basis of strength"/>
      </basis>
    </strength>
  </substance>
</Ingredient>