<?xml version="1.0" encoding="UTF-8"?>

<ManufacturedItemDefinition xmlns="http://hl7.org/fhir">
  <id value="cfsb1639756818482"/>
  <text>
    <status value="generated"/><div xmlns="http://www.w3.org/1999/xhtml"><p><b>Generated Narrative</b></p><div style="display: inline-block; background-color: #d9e0e7; padding: 6px; margin: 4px; border: 1px solid #8da1b4; border-radius: 5px; line-height: 60%"><p style="margin-bottom: 0px">Resource "cfsb1639756818482" </p></div><p><b>identifier</b>: id: PL 31654/0006 (OFFICIAL)</p><p><b>status</b>: active</p><p><b>manufacturedDoseForm</b>: Granules for oral solution <span style="background: LightGoldenRodYellow; margin: 4px; border: 1px solid khaki"> (#100000073365)</span></p><p><b>unitOfPresentation</b>: Sachet <span style="background: LightGoldenRodYellow; margin: 4px; border: 1px solid khaki"> (#200000002143)</span></p><p><b>manufacturer</b>: <a href="Organization-cfsb1639753766266.html">Organization/cfsb1639753766266</a> "Zambon S.p.A."</p></div>
  </text>
  <identifier>
    <use value="official"/>
    <system value="https://spor.ema.europa.eu/pmswi/#/"/>
    <value value="PL 31654/0006"/>
  </identifier>
  <status value="active"/>
  <manufacturedDoseForm>
    <coding>
      <system value="https://spor.ema.europa.eu/rmswi/"/>
      <code value="100000073365"/>
      <display value="Granules for oral solution"/>
    </coding>
    <text value="Granules for oral solution"/>
  </manufacturedDoseForm>
  <unitOfPresentation>
    <coding>
      <system value="https://spor.ema.europa.eu/rmswi/"/>
      <code value="200000002143"/>
      <display value="Sachet"/>
    </coding>
    <text value="Sachet"/>
  </unitOfPresentation>
  <manufacturer>
    <reference value="Organization/cfsb1639753766266"/>
  </manufacturer>
</ManufacturedItemDefinition>