<?xml version="1.0" encoding="UTF-8"?>

<ManufacturedItemDefinition xmlns="http://hl7.org/fhir">
  <id value="cfsb1639190046041"/>
  <text>
    <status value="generated"/><div xmlns="http://www.w3.org/1999/xhtml"><p><b>Generated Narrative</b></p><div style="display: inline-block; background-color: #d9e0e7; padding: 6px; margin: 4px; border: 1px solid #8da1b4; border-radius: 5px; line-height: 60%"><p style="margin-bottom: 0px">Resource "cfsb1639190046041" </p></div><p><b>identifier</b>: id: EU/1/17/1201/001 (OFFICIAL)</p><p><b>status</b>: active</p><p><b>manufacturedDoseForm</b>: Tablet <span style="background: LightGoldenRodYellow; margin: 4px; border: 1px solid khaki"> (#/#200000002102)</span></p><p><b>unitOfPresentation</b>: Tablet <span style="background: LightGoldenRodYellow; margin: 4px; border: 1px solid khaki"> (#/#200000002152)</span></p><p><b>manufacturer</b>: <a href="Organization-cfsb1639015344307.html">Organization/cfsb1639015344307</a> "Carretera De Martorell 41 61 Poligono Industrial Nord-Est Sant Andreu De La Barca Barcelona 08740 Spain"</p><blockquote><p><b>property</b></p><p><b>type</b>: Structured Product Labeling Shape <span style="background: LightGoldenRodYellow; margin: 4px; border: 1px solid khaki"> (#C48557)</span></p><p><b>value</b>: ROUND <span style="background: LightGoldenRodYellow; margin: 4px; border: 1px solid khaki"> (#C48348)</span></p></blockquote><blockquote><p><b>property</b></p><p><b>type</b>: Size <span style="background: LightGoldenRodYellow; margin: 4px; border: 1px solid khaki"> (#C0456389)</span></p><p><b>value</b>: 6.8 mm</p></blockquote><blockquote><p><b>property</b></p><p><b>type</b>: Color <span style="background: LightGoldenRodYellow; margin: 4px; border: 1px solid khaki"> (#C0009393)</span></p><p><b>value</b>: White <span style="background: LightGoldenRodYellow; margin: 4px; border: 1px solid khaki"> (#C48325)</span></p></blockquote></div>
  </text>
  <identifier>
    <use value="official"/>
    <system value="https://spor.ema.europa.eu/pmswi/#/"/>
    <value value="EU/1/17/1201/001"/>
  </identifier>
  <status value="active"/>
  <manufacturedDoseForm>
    <coding>
      <system value="https://spor.ema.europa.eu/rmswi/"/>
      <code value="/#200000002102"/>
    </coding>
    <text value="Tablet"/>
  </manufacturedDoseForm>
  <unitOfPresentation>
    <coding>
      <system value="https://spor.ema.europa.eu/rmswi/"/>
      <code value="/#200000002152"/>
    </coding>
    <text value="Tablet"/>
  </unitOfPresentation>
  <manufacturer>
    <reference value="Organization/cfsb1639015344307"/>
  </manufacturer>
  <property>
    <type>
      <coding>
        <system value="https://ncim-stage.nci.nih.gov/ncimbrowser/"/>
        <code value="C48557"/>
      </coding>
      <text value="Structured Product Labeling Shape"/>
    </type>
    <valueCodeableConcept>
      <coding>
        <system value="https://ncim-stage.nci.nih.gov/ncimbrowser/"/>
        <code value="C48348"/>
      </coding>
      <text value="ROUND"/>
    </valueCodeableConcept>
  </property>
  <property>
    <type>
      <coding>
        <system value="https://ncim-stage.nci.nih.gov/ncimbrowser/"/>
        <code value="C0456389"/>
      </coding>
      <text value="Size"/>
    </type>
    <valueQuantity>
      <value value="6.8"/>
      <unit value="mm"/>
    </valueQuantity>
  </property>
  <property>
    <type>
      <coding>
        <system value="https://ncim-stage.nci.nih.gov/ncimbrowser/"/>
        <code value="C0009393"/>
      </coding>
      <text value="Color"/>
    </type>
    <valueCodeableConcept>
      <coding>
        <system value="https://ncim-stage.nci.nih.gov/ncimbrowser/"/>
        <code value="C48325"/>
      </coding>
      <text value="White"/>
    </valueCodeableConcept>
  </property>
</ManufacturedItemDefinition>