<?xml version="1.0" encoding="UTF-8"?>

<Organization xmlns="http://hl7.org/fhir">
  <id value="cfsb7719260512249"/>
  <text>
    <status value="generated"/><div xmlns="http://www.w3.org/1999/xhtml"><p><b>Generated Narrative</b></p><div style="display: inline-block; background-color: #d9e0e7; padding: 6px; margin: 4px; border: 1px solid #8da1b4; border-radius: 5px; line-height: 60%"><p style="margin-bottom: 0px">Resource "cfsb7719260512249" </p></div><p><b>identifier</b>: id: ORG-100001175 (OFFICIAL)</p><p><b>active</b>: true</p><p><b>type</b>: Manufacturer Batch release <span style="background: LightGoldenRodYellow; margin: 4px; border: 1px solid khaki"> (#/#220000000033)</span></p><p><b>name</b>: Sanofi-Aventis Deutschland GmbH</p><p><b>address</b>: Brueningstrasse 50, Industriepark Höchst, 65926 Frankfurt am Main, GERMANY(WORK)</p></div>
  </text>
  <identifier>
    <use value="official"/>
    <system value="https://spor.ema.europa.eu/omswi/#/"/>
    <value value="ORG-100001175"/>
  </identifier>
  <active value="true"/>
  <type>
    <coding>
      <system value="https://spor.ema.europa.eu/rmswi/"/>
      <code value="/#220000000033"/>
    </coding>
    <text value="Manufacturer Batch release"/>
  </type>
  <name value="Sanofi-Aventis Deutschland GmbH"/>
  <address>
    <use value="work"/>
    <type value="physical"/>
    <text value="Brueningstrasse 50, Industriepark Höchst, 65926 Frankfurt am Main, GERMANY"/>
    <line value="Brueningstrasse 50, Industriepark Höchst"/>
    <city value="Frankfurt am Main"/>
    <postalCode value="65926"/>
    <country value="de"/>
  </address>
</Organization>