<?xml version="1.0" encoding="UTF-8"?>

<Organization xmlns="http://hl7.org/fhir">
  <id value="cfsb1640870284639"/>
  <text>
    <status value="generated"/><div xmlns="http://www.w3.org/1999/xhtml"><p><b>Generated Narrative</b></p><div style="display: inline-block; background-color: #d9e0e7; padding: 6px; margin: 4px; border: 1px solid #8da1b4; border-radius: 5px; line-height: 60%"><p style="margin-bottom: 0px">Resource "cfsb1640870284639" </p></div><p><b>identifier</b>: id: ORG-100000426 (OFFICIAL)</p><p><b>active</b>: true</p><p><b>type</b>: Marketing authorisation holder <span style="background: LightGoldenRodYellow; margin: 4px; border: 1px solid khaki"> (#220000000034)</span></p><p><b>name</b>: Eli Lilly Nederland B.V.</p><p><b>address</b>: Papendorpseweg 83, 3528 BJ Utrecht  The Netherlands(WORK)</p></div>
  </text>
  <identifier>
    <use value="official"/>
    <system value="https://spor.ema.europa.eu/omswi/"/>
    <value value="ORG-100000426"/>
  </identifier>
  <active value="true"/>
  <type>
    <coding>
      <system value="https://spor.ema.europa.eu/rmswi/"/>
      <code value="220000000034"/>
      <display value="Marketing authorisation holder"/>
    </coding>
    <text value="Marketing authorisation holder"/>
  </type>
  <name value="Eli Lilly Nederland B.V."/>
  <address>
    <use value="work"/>
    <type value="physical"/>
    <text value="Papendorpseweg 83, 3528 BJ Utrecht  The Netherlands"/>
    <line value="Papendorpseweg 83, 3528 BJ"/>
    <city value="Utrecht"/>
    <country value="NL"/>
  </address>
</Organization>