<?xml version="1.0" encoding="UTF-8"?>

<Organization xmlns="http://hl7.org/fhir">
  <id value="cfsb1640870328895"/>
  <text>
    <status value="generated"/><div xmlns="http://www.w3.org/1999/xhtml"><p><b>Generated Narrative</b></p><div style="display: inline-block; background-color: #d9e0e7; padding: 6px; margin: 4px; border: 1px solid #8da1b4; border-radius: 5px; line-height: 60%"><p style="margin-bottom: 0px">Resource "cfsb1640870328895" </p></div><p><b>identifier</b>: id: ORG-100003996 (OFFICIAL)</p><p><b>active</b>: true</p><p><b>type</b>: manufacturer <span style="background: LightGoldenRodYellow; margin: 4px; border: 1px solid khaki"> (#/#220000000033)</span></p><p><b>name</b>: Lilly S.A.</p><p><b>address</b>: Avenida de la Industria 30(WORK)</p></div>
  </text>
  <identifier>
    <use value="official"/>
    <system value="https://spor.ema.europa.eu/omswi/"/>
    <value value="ORG-100003996"/>
  </identifier>
  <active value="true"/>
  <type>
    <coding>
      <system value="https://spor.ema.europa.eu/rmswi/"/>
      <code value="/#220000000033"/>
    </coding>
    <text value="manufacturer"/>
  </type>
  <name value="Lilly S.A."/>
  <address>
    <use value="work"/>
    <type value="physical"/>
    <text value="Avenida de la Industria 30"/>
    <line value="Avenida de la Industria 30, 28108 Alcobendas, Madrid, Spain"/>
    <city value="Alcobendas"/>
    <country value="ES"/>
  </address>
</Organization>