<?xml version="1.0" encoding="UTF-8"?>

<RegulatedAuthorization xmlns="http://hl7.org/fhir">
  <id value="cfsb1639761980721"/>
  <text>
    <status value="generated"/><div xmlns="http://www.w3.org/1999/xhtml"><p><b>Generated Narrative</b></p><div style="display: inline-block; background-color: #d9e0e7; padding: 6px; margin: 4px; border: 1px solid #8da1b4; border-radius: 5px; line-height: 60%"><p style="margin-bottom: 0px">Resource "cfsb1639761980721" </p></div><p><b>identifier</b>: id: PL 31654/0006 (OFFICIAL)</p><p><b>subject</b>: <a href="MedicinalProductDefinition-cfsb1639760186202.html">MedicinalProductDefinition/cfsb1639760186202</a></p><p><b>type</b>: Marketing Authorisation <span style="background: LightGoldenRodYellow; margin: 4px; border: 1px solid khaki"> (#/#100000072062)</span></p><p><b>region</b>: European Union <span style="background: LightGoldenRodYellow; margin: 4px; border: 1px solid khaki"> (unknown#eu)</span></p><p><b>status</b>: Active <span style="background: LightGoldenRodYellow; margin: 4px; border: 1px solid khaki"> (<a href="http://build.fhir.org/codesystem-publication-status.html">PublicationStatus</a>#active)</span></p><p><b>statusDate</b>: 2015-02-07T13:28:17Z</p><p><b>holder</b>: <a href="Organization-cfsb1639754108144.html">Organization/cfsb1639754108144</a> "Zambon S.p.A."</p></div>
  </text>
  <identifier>
    <use value="official"/>
    <system value="https://spor.ema.europa.eu/rmswi/"/>
    <value value="PL 31654/0006"/>
  </identifier>
  <subject>
    <reference value="MedicinalProductDefinition/cfsb1639760186202"/>
  </subject>
  <type>
    <coding>
      <system value="https://spor.ema.europa.eu/rmswi/"/>
      <code value="/#100000072062"/>
    </coding>
    <text value="Marketing Authorisation"/>
  </type>
  <region>
    <coding>
      <system value="urn:iso:std:iso:3166"/>
      <code value="eu"/>
    </coding>
    <text value="European Union"/>
  </region>
  <status>
    <coding>
      <system value="http://hl7.org/fhir/publication-status"/>
      <code value="active"/>
    </coding>
    <text value="Active"/>
  </status>
  <statusDate value="2015-02-07T13:28:17Z"/>
  <holder>
    <reference value="Organization/cfsb1639754108144"/>
  </holder>
</RegulatedAuthorization>