<?xml version="1.0" encoding="UTF-8"?>

<AdministrableProductDefinition xmlns="http://hl7.org/fhir">
  <id value="cfsb1639227408981"/>
  <text>
    <status value="generated"/><div xmlns="http://www.w3.org/1999/xhtml"><p><b>Generated Narrative</b></p><div style="display: inline-block; background-color: #d9e0e7; padding: 6px; margin: 4px; border: 1px solid #8da1b4; border-radius: 5px; line-height: 60%"><p style="margin-bottom: 0px">Resource "cfsb1639227408981" </p></div><p><b>identifier</b>: id: 0x9982CA8A825D4561506CE808982E3B9D (OFFICIAL)</p><p><b>status</b>: active</p><p><b>formOf</b>: </p><ul><li><a href="MedicinalProductDefinition-cfsb1639230499322.html">MedicinalProductDefinition/cfsb1639230499322</a></li><li><a href="cfsb164028843078230">cfsb164028843078230</a></li><li><a href="cfsb164028843078231">cfsb164028843078231</a></li></ul><p><b>administrableDoseForm</b>: Tablet <span style="background: LightGoldenRodYellow; margin: 4px; border: 1px solid khaki"> (#200000002102)</span></p><p><b>unitOfPresentation</b>: Tablet <span style="background: LightGoldenRodYellow; margin: 4px; border: 1px solid khaki"> (#200000002152)</span></p><p><b>producedFrom</b>: <a href="ManufacturedItemDefinition-cfsb1639190046041.html">ManufacturedItemDefinition/cfsb1639190046041</a></p><blockquote><p><b>property</b></p><p><b>type</b>: Structured Product Labeling Shape <span style="background: LightGoldenRodYellow; margin: 4px; border: 1px solid khaki"> (#C48557)</span></p><p><b>value</b>: ROUND <span style="background: LightGoldenRodYellow; margin: 4px; border: 1px solid khaki"> (#C48348)</span></p></blockquote><blockquote><p><b>property</b></p><p><b>type</b>: Size <span style="background: LightGoldenRodYellow; margin: 4px; border: 1px solid khaki"> (#C0456389)</span></p><p><b>value</b>: 6.8 mm</p></blockquote><blockquote><p><b>property</b></p><p><b>type</b>: Color <span style="background: LightGoldenRodYellow; margin: 4px; border: 1px solid khaki"> (#C0009393)</span></p><p><b>value</b>: White <span style="background: LightGoldenRodYellow; margin: 4px; border: 1px solid khaki"> (#C48325)</span></p></blockquote><blockquote><p><b>routeOfAdministration</b></p><p><b>code</b>: oral use <span style="background: LightGoldenRodYellow; margin: 4px; border: 1px solid khaki"> (#100000073619)</span></p><h3>TargetSpecies</h3><table class="grid"><tr><td>-</td><td><b>Code</b></td></tr><tr><td>*</td><td>Human <span style="background: LightGoldenRodYellow; margin: 4px; border: 1px solid khaki"> (#/#100000109093)</span></td></tr></table></blockquote></div>
  </text>
  <identifier>
    <use value="official"/>
    <system value="https://spor.ema.europa.eu/pmswi/"/>
    <value value="0x9982CA8A825D4561506CE808982E3B9D"/>
  </identifier>
  <status value="active"/>
  <formOf>
    <reference value="MedicinalProductDefinition/cfsb1639230499322"/>
  </formOf>
  <formOf>
    <reference value="cfsb164028843078230"/>
  </formOf>
  <formOf>
    <reference value="cfsb164028843078231"/>
  </formOf>
  <administrableDoseForm>
    <coding>
      <system value="https://spor.ema.europa.eu/rmswi/"/>
      <code value="200000002102"/>
    </coding>
    <text value="Tablet"/>
  </administrableDoseForm>
  <unitOfPresentation>
    <coding>
      <system value="https://spor.ema.europa.eu/rmswi/"/>
      <code value="200000002152"/>
    </coding>
    <text value="Tablet"/>
  </unitOfPresentation>
  <producedFrom>
    <reference value="ManufacturedItemDefinition/cfsb1639190046041"/>
  </producedFrom>
  <property>
    <type>
      <coding>
        <system value="https://ncim-stage.nci.nih.gov/ncimbrowser/"/>
        <code value="C48557"/>
      </coding>
      <text value="Structured Product Labeling Shape"/>
    </type>
    <valueCodeableConcept>
      <coding>
        <system value="https://ncim-stage.nci.nih.gov/ncimbrowser/"/>
        <code value="C48348"/>
      </coding>
      <text value="ROUND"/>
    </valueCodeableConcept>
  </property>
  <property>
    <type>
      <coding>
        <system value="https://ncim-stage.nci.nih.gov/ncimbrowser/"/>
        <code value="C0456389"/>
      </coding>
      <text value="Size"/>
    </type>
    <valueQuantity>
      <value value="6.8"/>
      <unit value="mm"/>
    </valueQuantity>
  </property>
  <property>
    <type>
      <coding>
        <system value="https://ncim-stage.nci.nih.gov/ncimbrowser/"/>
        <code value="C0009393"/>
      </coding>
      <text value="Color"/>
    </type>
    <valueCodeableConcept>
      <coding>
        <system value="https://ncim-stage.nci.nih.gov/ncimbrowser/"/>
        <code value="C48325"/>
      </coding>
      <text value="White"/>
    </valueCodeableConcept>
  </property>
  <routeOfAdministration>
    <code>
      <coding>
        <system value="https://spor.ema.europa.eu/rmswi/"/>
        <code value="100000073619"/>
      </coding>
      <text value="oral use"/>
    </code>
    <targetSpecies>
      <code>
        <coding>
          <system value="https://spor.ema.europa.eu/rmswi/"/>
          <code value="/#100000109093"/>
        </coding>
        <text value="Human"/>
      </code>
    </targetSpecies>
  </routeOfAdministration>
</AdministrableProductDefinition>