<?xml version="1.0" encoding="UTF-8"?>

<ClinicalUseDefinition xmlns="http://hl7.org/fhir">
  <id value="cfsb4325643431772"/>
  <text>
    <status value="generated"/><div xmlns="http://www.w3.org/1999/xhtml"><p><b>Generated Narrative</b></p><div style="display: inline-block; background-color: #d9e0e7; padding: 6px; margin: 4px; border: 1px solid #8da1b4; border-radius: 5px; line-height: 60%"><p style="margin-bottom: 0px">Resource "cfsb4325643431772" </p></div><p><b>identifier</b>: id: Hypersensitivity reaction (OFFICIAL)</p><p><b>type</b>: contraindication</p><p><b>subject</b>: </p><ul><li><a href="MedicinalProductDefinition-cfsb1151803027115.html">MedicinalProductDefinition/cfsb1151803027115</a></li><li><a href="MedicinalProductDefinition-cfsb7123030148537.html">MedicinalProductDefinition/cfsb7123030148537</a></li></ul></div>
  </text>
  <identifier>
    <use value="official"/>
    <system value="https://spor.ema.europa.eu/rmswi/#/"/>
    <value value="Hypersensitivity reaction"/>
  </identifier>
  <type value="contraindication"/>
  <subject>
    <reference value="MedicinalProductDefinition/cfsb1151803027115"/>
  </subject>
  <subject>
    <reference value="MedicinalProductDefinition/cfsb7123030148537"/>
  </subject>
</ClinicalUseDefinition>