{
  "resourceType": "ImplementationGuide",
  "id": "hl7.eu.fhir.gh",
  "text": {
    "status": "extensions",
    "div": "<div xmlns=\"http://www.w3.org/1999/xhtml\"><h2>GhImplementationGuide</h2><p>The official URL for this implementation guide is: </p><pre>http://hl7.eu/fhir/ig/gravitate-health/ImplementationGuide/hl7.eu.fhir.gh</pre><div><p>Gravitate Health is an EU project aiming to empower and equip Europeans with health information for active personal health management and adherence to treatment.</p>\n</div></div>"
  },
  "url": "http://hl7.eu/fhir/ig/gravitate-health/ImplementationGuide/hl7.eu.fhir.gh",
  "version": "0.1.0",
  "name": "GhImplementationGuide",
  "title": "Gravitate Health FHIR Implementation Guide",
  "status": "active",
  "date": "2022-01-11T08:54:21+00:00",
  "contact": [
    {
      "name": "Gravitate Health Project",
      "telecom": [
        {
          "system": "url",
          "value": "https://www.gravitatehealth.eu/"
        }
      ]
    }
  ],
  "description": "Gravitate Health is an EU project aiming to empower and equip Europeans with health information for active personal health management and adherence to treatment.",
  "packageId": "hl7.eu.fhir.gh",
  "license": "CC0-1.0",
  "fhirVersion": [
    "5.0.0-snapshot1"
  ],
  "definition": {
    "resource": [
      {
        "extension": [
          {
            "url": "http://hl7.org/fhir/tools/StructureDefinition/resource-information",
            "valueString": "CodeSystem"
          }
        ],
        "reference": {
          "reference": "CodeSystem/Example"
        },
        "name": "EMA example-sections-pl",
        "description": "Placeholder for EMA example-sections PL",
        "exampleBoolean": false
      },
      {
        "extension": [
          {
            "url": "http://hl7.org/fhir/tools/StructureDefinition/resource-information",
            "valueString": "CodeSystem"
          }
        ],
        "reference": {
          "reference": "CodeSystem/Examplesmpc"
        },
        "name": "EMA example-sections-smpc",
        "description": "Placeholder for EMA example-sections smpc",
        "exampleBoolean": false
      },
      {
        "extension": [
          {
            "url": "http://hl7.org/fhir/tools/StructureDefinition/resource-information",
            "valueString": "Bundle"
          }
        ],
        "reference": {
          "reference": "Bundle/12dde04f-a821-4c44-82ce-ab11e8c87c72"
        },
        "name": "Vulcan Skilarence 120 mg FHIR Package Insert",
        "description": "instance of Skilarence package insert for connectathon testing",
        "exampleBoolean": true
      },
      {
        "extension": [
          {
            "url": "http://hl7.org/fhir/tools/StructureDefinition/resource-information",
            "valueString": "Bundle"
          }
        ],
        "reference": {
          "reference": "Bundle/5526bcb3-9b7f-4bc1-a9e7-65302382d6f4"
        },
        "name": "Vulcan Skilarence FHIR Package Insert",
        "description": "instance of Skilarence package insert for connectathon testing",
        "exampleBoolean": true
      },
      {
        "extension": [
          {
            "url": "http://hl7.org/fhir/tools/StructureDefinition/resource-information",
            "valueString": "MedicinalProductDefinition"
          }
        ],
        "reference": {
          "reference": "MedicinalProductDefinition/cfsb1151803027115"
        },
        "name": "cfsb1151803027115",
        "description": "EU/1/16/1157/002 100/50 x5 pre-filled pens",
        "exampleBoolean": true
      },
      {
        "extension": [
          {
            "url": "http://hl7.org/fhir/tools/StructureDefinition/resource-information",
            "valueString": "Binary"
          }
        ],
        "reference": {
          "reference": "Binary/cfsb11927037"
        },
        "name": "cfsb11927037",
        "description": "Suliqua image 11927037",
        "exampleBoolean": true
      },
      {
        "extension": [
          {
            "url": "http://hl7.org/fhir/tools/StructureDefinition/resource-information",
            "valueString": "Binary"
          }
        ],
        "reference": {
          "reference": "Binary/cfsb11927038"
        },
        "name": "cfsb11927038",
        "description": "Suliqua image 11927038",
        "exampleBoolean": true
      },
      {
        "extension": [
          {
            "url": "http://hl7.org/fhir/tools/StructureDefinition/resource-information",
            "valueString": "Binary"
          }
        ],
        "reference": {
          "reference": "Binary/cfsb11927039"
        },
        "name": "cfsb11927039",
        "description": "Suliqua image 11927039",
        "exampleBoolean": true
      },
      {
        "extension": [
          {
            "url": "http://hl7.org/fhir/tools/StructureDefinition/resource-information",
            "valueString": "Binary"
          }
        ],
        "reference": {
          "reference": "Binary/cfsb11927040"
        },
        "name": "cfsb11927040",
        "description": "Suliqua image 11927040",
        "exampleBoolean": true
      },
      {
        "extension": [
          {
            "url": "http://hl7.org/fhir/tools/StructureDefinition/resource-information",
            "valueString": "Binary"
          }
        ],
        "reference": {
          "reference": "Binary/cfsb11927041"
        },
        "name": "cfsb11927041",
        "description": "Suliqua image 11927041",
        "exampleBoolean": true
      },
      {
        "extension": [
          {
            "url": "http://hl7.org/fhir/tools/StructureDefinition/resource-information",
            "valueString": "Binary"
          }
        ],
        "reference": {
          "reference": "Binary/cfsb11927042"
        },
        "name": "cfsb11927042",
        "description": "Suliqua image 11927042",
        "exampleBoolean": true
      },
      {
        "extension": [
          {
            "url": "http://hl7.org/fhir/tools/StructureDefinition/resource-information",
            "valueString": "Binary"
          }
        ],
        "reference": {
          "reference": "Binary/cfsb11927043"
        },
        "name": "cfsb11927043",
        "description": "Suliqua image 11927043",
        "exampleBoolean": true
      },
      {
        "extension": [
          {
            "url": "http://hl7.org/fhir/tools/StructureDefinition/resource-information",
            "valueString": "Binary"
          }
        ],
        "reference": {
          "reference": "Binary/cfsb11927044"
        },
        "name": "cfsb11927044",
        "description": "Suliqua image 11927044",
        "exampleBoolean": true
      },
      {
        "extension": [
          {
            "url": "http://hl7.org/fhir/tools/StructureDefinition/resource-information",
            "valueString": "Binary"
          }
        ],
        "reference": {
          "reference": "Binary/cfsb11927045"
        },
        "name": "cfsb11927045",
        "description": "Suliqua image 11927045",
        "exampleBoolean": true
      },
      {
        "extension": [
          {
            "url": "http://hl7.org/fhir/tools/StructureDefinition/resource-information",
            "valueString": "Binary"
          }
        ],
        "reference": {
          "reference": "Binary/cfsb11927046"
        },
        "name": "cfsb11927046",
        "description": "Suliqua image 11927046",
        "exampleBoolean": true
      },
      {
        "extension": [
          {
            "url": "http://hl7.org/fhir/tools/StructureDefinition/resource-information",
            "valueString": "Binary"
          }
        ],
        "reference": {
          "reference": "Binary/cfsb11927047"
        },
        "name": "cfsb11927047",
        "description": "Suliqua image 11927047",
        "exampleBoolean": true
      },
      {
        "extension": [
          {
            "url": "http://hl7.org/fhir/tools/StructureDefinition/resource-information",
            "valueString": "Binary"
          }
        ],
        "reference": {
          "reference": "Binary/cfsb11927048"
        },
        "name": "cfsb11927048",
        "description": "Suliqua image 11927048",
        "exampleBoolean": true
      },
      {
        "extension": [
          {
            "url": "http://hl7.org/fhir/tools/StructureDefinition/resource-information",
            "valueString": "Binary"
          }
        ],
        "reference": {
          "reference": "Binary/cfsb11927049"
        },
        "name": "cfsb11927049",
        "description": "Suliqua image 11927049",
        "exampleBoolean": true
      },
      {
        "extension": [
          {
            "url": "http://hl7.org/fhir/tools/StructureDefinition/resource-information",
            "valueString": "Binary"
          }
        ],
        "reference": {
          "reference": "Binary/cfsb11927050"
        },
        "name": "cfsb11927050",
        "description": "Suliqua image 11927050",
        "exampleBoolean": true
      },
      {
        "extension": [
          {
            "url": "http://hl7.org/fhir/tools/StructureDefinition/resource-information",
            "valueString": "Binary"
          }
        ],
        "reference": {
          "reference": "Binary/cfsb11927051"
        },
        "name": "cfsb11927051",
        "description": "Suliqua image 11927051",
        "exampleBoolean": true
      },
      {
        "extension": [
          {
            "url": "http://hl7.org/fhir/tools/StructureDefinition/resource-information",
            "valueString": "Binary"
          }
        ],
        "reference": {
          "reference": "Binary/cfsb11927052"
        },
        "name": "cfsb11927052",
        "description": "Suliqua image 11927052",
        "exampleBoolean": true
      },
      {
        "extension": [
          {
            "url": "http://hl7.org/fhir/tools/StructureDefinition/resource-information",
            "valueString": "Binary"
          }
        ],
        "reference": {
          "reference": "Binary/cfsb11927053"
        },
        "name": "cfsb11927053",
        "description": "Suliqua image 11927053",
        "exampleBoolean": true
      },
      {
        "extension": [
          {
            "url": "http://hl7.org/fhir/tools/StructureDefinition/resource-information",
            "valueString": "Binary"
          }
        ],
        "reference": {
          "reference": "Binary/cfsb11927054"
        },
        "name": "cfsb11927054",
        "description": "Suliqua image 11927054",
        "exampleBoolean": true
      },
      {
        "extension": [
          {
            "url": "http://hl7.org/fhir/tools/StructureDefinition/resource-information",
            "valueString": "Binary"
          }
        ],
        "reference": {
          "reference": "Binary/cfsb11927055"
        },
        "name": "cfsb11927055",
        "description": "Suliqua image 11927055",
        "exampleBoolean": true
      },
      {
        "extension": [
          {
            "url": "http://hl7.org/fhir/tools/StructureDefinition/resource-information",
            "valueString": "Binary"
          }
        ],
        "reference": {
          "reference": "Binary/cfsb11927056"
        },
        "name": "cfsb11927056",
        "description": "Suliqua image 11927056",
        "exampleBoolean": true
      },
      {
        "extension": [
          {
            "url": "http://hl7.org/fhir/tools/StructureDefinition/resource-information",
            "valueString": "Binary"
          }
        ],
        "reference": {
          "reference": "Binary/cfsb11927280"
        },
        "name": "cfsb11927280",
        "description": "Suliqua image 11927280",
        "exampleBoolean": true
      },
      {
        "extension": [
          {
            "url": "http://hl7.org/fhir/tools/StructureDefinition/resource-information",
            "valueString": "Binary"
          }
        ],
        "reference": {
          "reference": "Binary/cfsb11927281"
        },
        "name": "cfsb11927281",
        "description": "Suliqua image 11927281",
        "exampleBoolean": true
      },
      {
        "extension": [
          {
            "url": "http://hl7.org/fhir/tools/StructureDefinition/resource-information",
            "valueString": "Binary"
          }
        ],
        "reference": {
          "reference": "Binary/cfsb11927282"
        },
        "name": "cfsb11927282",
        "description": "Suliqua image 11927282",
        "exampleBoolean": true
      },
      {
        "extension": [
          {
            "url": "http://hl7.org/fhir/tools/StructureDefinition/resource-information",
            "valueString": "Binary"
          }
        ],
        "reference": {
          "reference": "Binary/cfsb11927284"
        },
        "name": "cfsb11927284",
        "description": "Suliqua image 11927284",
        "exampleBoolean": true
      },
      {
        "extension": [
          {
            "url": "http://hl7.org/fhir/tools/StructureDefinition/resource-information",
            "valueString": "Binary"
          }
        ],
        "reference": {
          "reference": "Binary/cfsb11927285"
        },
        "name": "cfsb11927285",
        "description": "Suliqua image 11927285",
        "exampleBoolean": true
      },
      {
        "extension": [
          {
            "url": "http://hl7.org/fhir/tools/StructureDefinition/resource-information",
            "valueString": "Binary"
          }
        ],
        "reference": {
          "reference": "Binary/cfsb11927286"
        },
        "name": "cfsb11927286",
        "description": "Suliqua image 11927286",
        "exampleBoolean": true
      },
      {
        "extension": [
          {
            "url": "http://hl7.org/fhir/tools/StructureDefinition/resource-information",
            "valueString": "Binary"
          }
        ],
        "reference": {
          "reference": "Binary/cfsb11927287"
        },
        "name": "cfsb11927287",
        "description": "Suliqua image 11927287",
        "exampleBoolean": true
      },
      {
        "extension": [
          {
            "url": "http://hl7.org/fhir/tools/StructureDefinition/resource-information",
            "valueString": "Binary"
          }
        ],
        "reference": {
          "reference": "Binary/cfsb11927288"
        },
        "name": "cfsb11927288",
        "description": "Suliqua image 11927288",
        "exampleBoolean": true
      },
      {
        "extension": [
          {
            "url": "http://hl7.org/fhir/tools/StructureDefinition/resource-information",
            "valueString": "Binary"
          }
        ],
        "reference": {
          "reference": "Binary/cfsb11927289"
        },
        "name": "cfsb11927289",
        "description": "Suliqua image 11927289",
        "exampleBoolean": true
      },
      {
        "extension": [
          {
            "url": "http://hl7.org/fhir/tools/StructureDefinition/resource-information",
            "valueString": "Binary"
          }
        ],
        "reference": {
          "reference": "Binary/cfsb11927290"
        },
        "name": "cfsb11927290",
        "description": "Suliqua image 11927290",
        "exampleBoolean": true
      },
      {
        "extension": [
          {
            "url": "http://hl7.org/fhir/tools/StructureDefinition/resource-information",
            "valueString": "Binary"
          }
        ],
        "reference": {
          "reference": "Binary/cfsb11927293"
        },
        "name": "cfsb11927293",
        "description": "Suliqua image 11927293",
        "exampleBoolean": true
      },
      {
        "extension": [
          {
            "url": "http://hl7.org/fhir/tools/StructureDefinition/resource-information",
            "valueString": "Binary"
          }
        ],
        "reference": {
          "reference": "Binary/cfsb11927295"
        },
        "name": "cfsb11927295",
        "description": "Suliqua image 11927295",
        "exampleBoolean": true
      },
      {
        "extension": [
          {
            "url": "http://hl7.org/fhir/tools/StructureDefinition/resource-information",
            "valueString": "Binary"
          }
        ],
        "reference": {
          "reference": "Binary/cfsb11927296"
        },
        "name": "cfsb11927296",
        "description": "Suliqua image 11927296",
        "exampleBoolean": true
      },
      {
        "extension": [
          {
            "url": "http://hl7.org/fhir/tools/StructureDefinition/resource-information",
            "valueString": "Binary"
          }
        ],
        "reference": {
          "reference": "Binary/cfsb11927297"
        },
        "name": "cfsb11927297",
        "description": "Suliqua image 11927297",
        "exampleBoolean": true
      },
      {
        "extension": [
          {
            "url": "http://hl7.org/fhir/tools/StructureDefinition/resource-information",
            "valueString": "Binary"
          }
        ],
        "reference": {
          "reference": "Binary/cfsb11927298"
        },
        "name": "cfsb11927298",
        "description": "Suliqua image 11927298",
        "exampleBoolean": true
      },
      {
        "extension": [
          {
            "url": "http://hl7.org/fhir/tools/StructureDefinition/resource-information",
            "valueString": "Binary"
          }
        ],
        "reference": {
          "reference": "Binary/cfsb11927299"
        },
        "name": "cfsb11927299",
        "description": "Suliqua image 11927299",
        "exampleBoolean": true
      },
      {
        "extension": [
          {
            "url": "http://hl7.org/fhir/tools/StructureDefinition/resource-information",
            "valueString": "Binary"
          }
        ],
        "reference": {
          "reference": "Binary/cfsb11927300"
        },
        "name": "cfsb11927300",
        "description": "Suliqua image 11927300",
        "exampleBoolean": true
      },
      {
        "extension": [
          {
            "url": "http://hl7.org/fhir/tools/StructureDefinition/resource-information",
            "valueString": "Binary"
          }
        ],
        "reference": {
          "reference": "Binary/cfsb11927301"
        },
        "name": "cfsb11927301",
        "description": "Suliqua image 11927301",
        "exampleBoolean": true
      },
      {
        "extension": [
          {
            "url": "http://hl7.org/fhir/tools/StructureDefinition/resource-information",
            "valueString": "Binary"
          }
        ],
        "reference": {
          "reference": "Binary/cfsb11927302"
        },
        "name": "cfsb11927302",
        "description": "Suliqua image 11927302",
        "exampleBoolean": true
      },
      {
        "extension": [
          {
            "url": "http://hl7.org/fhir/tools/StructureDefinition/resource-information",
            "valueString": "Binary"
          }
        ],
        "reference": {
          "reference": "Binary/cfsb11927303"
        },
        "name": "cfsb11927303",
        "description": "Suliqua image 11927303",
        "exampleBoolean": true
      },
      {
        "extension": [
          {
            "url": "http://hl7.org/fhir/tools/StructureDefinition/resource-information",
            "valueString": "Binary"
          }
        ],
        "reference": {
          "reference": "Binary/cfsb11927304"
        },
        "name": "cfsb11927304",
        "description": "Suliqua image 11927304",
        "exampleBoolean": true
      },
      {
        "extension": [
          {
            "url": "http://hl7.org/fhir/tools/StructureDefinition/resource-information",
            "valueString": "Ingredient"
          }
        ],
        "reference": {
          "reference": "Ingredient/cfsb1268193754623"
        },
        "name": "cfsb1268193754623",
        "description": "Concentrated hydrochloric acid",
        "exampleBoolean": true
      },
      {
        "extension": [
          {
            "url": "http://hl7.org/fhir/tools/StructureDefinition/resource-information",
            "valueString": "Composition"
          }
        ],
        "reference": {
          "reference": "Composition/cfsb1316794754115"
        },
        "name": "cfsb1316794754115",
        "description": "Pakningsvedlegg 100 enheter/ml + 33 mikrogram/ml",
        "exampleBoolean": true
      },
      {
        "extension": [
          {
            "url": "http://hl7.org/fhir/tools/StructureDefinition/resource-information",
            "valueString": "Organization"
          }
        ],
        "reference": {
          "reference": "Organization/cfsb1639003145277"
        },
        "name": "cfsb1639003145277",
        "description": "Market Authorization Holder",
        "exampleBoolean": true
      },
      {
        "extension": [
          {
            "url": "http://hl7.org/fhir/tools/StructureDefinition/resource-information",
            "valueString": "Composition"
          }
        ],
        "reference": {
          "reference": "Composition/cfsb1639004037108"
        },
        "name": "cfsb1639004037108",
        "description": "Package Leaflet 30 mg",
        "exampleBoolean": true
      },
      {
        "extension": [
          {
            "url": "http://hl7.org/fhir/tools/StructureDefinition/resource-information",
            "valueString": "Organization"
          }
        ],
        "reference": {
          "reference": "Organization/cfsb1639015344307"
        },
        "name": "cfsb1639015344307",
        "description": "Manufacturer",
        "exampleBoolean": true
      },
      {
        "extension": [
          {
            "url": "http://hl7.org/fhir/tools/StructureDefinition/resource-information",
            "valueString": "Organization"
          }
        ],
        "reference": {
          "reference": "Organization/cfsb1639015880655"
        },
        "name": "cfsb1639015880655",
        "description": "EMA",
        "exampleBoolean": true
      },
      {
        "extension": [
          {
            "url": "http://hl7.org/fhir/tools/StructureDefinition/resource-information",
            "valueString": "Ingredient"
          }
        ],
        "reference": {
          "reference": "Ingredient/cfsb1639015963928"
        },
        "name": "cfsb1639015963928",
        "description": "dimethyl fumarate 30 mg",
        "exampleBoolean": true
      },
      {
        "extension": [
          {
            "url": "http://hl7.org/fhir/tools/StructureDefinition/resource-information",
            "valueString": "Composition"
          }
        ],
        "reference": {
          "reference": "Composition/cfsb1639016804189"
        },
        "name": "cfsb1639016804189",
        "description": "Package Leaflet 120 mg",
        "exampleBoolean": true
      },
      {
        "extension": [
          {
            "url": "http://hl7.org/fhir/tools/StructureDefinition/resource-information",
            "valueString": "Ingredient"
          }
        ],
        "reference": {
          "reference": "Ingredient/cfsb1639017722742"
        },
        "name": "cfsb1639017722742",
        "description": "Lactose monohydrate",
        "exampleBoolean": true
      },
      {
        "extension": [
          {
            "url": "http://hl7.org/fhir/tools/StructureDefinition/resource-information",
            "valueString": "Ingredient"
          }
        ],
        "reference": {
          "reference": "Ingredient/cfsb1639018040123"
        },
        "name": "cfsb1639018040123",
        "description": "Cellulose microcrystalline",
        "exampleBoolean": true
      },
      {
        "extension": [
          {
            "url": "http://hl7.org/fhir/tools/StructureDefinition/resource-information",
            "valueString": "Ingredient"
          }
        ],
        "reference": {
          "reference": "Ingredient/cfsb1639018789432"
        },
        "name": "cfsb1639018789432",
        "description": "dimethyl fumarate 120 mg",
        "exampleBoolean": true
      },
      {
        "extension": [
          {
            "url": "http://hl7.org/fhir/tools/StructureDefinition/resource-information",
            "valueString": "Ingredient"
          }
        ],
        "reference": {
          "reference": "Ingredient/cfsb1639019219159"
        },
        "name": "cfsb1639019219159",
        "description": "Croscarmellose sodium",
        "exampleBoolean": true
      },
      {
        "extension": [
          {
            "url": "http://hl7.org/fhir/tools/StructureDefinition/resource-information",
            "valueString": "Ingredient"
          }
        ],
        "reference": {
          "reference": "Ingredient/cfsb1639188900323"
        },
        "name": "cfsb1639188900323",
        "description": "Colloidal anhydrous silica",
        "exampleBoolean": true
      },
      {
        "extension": [
          {
            "url": "http://hl7.org/fhir/tools/StructureDefinition/resource-information",
            "valueString": "Ingredient"
          }
        ],
        "reference": {
          "reference": "Ingredient/cfsb1639188914522"
        },
        "name": "cfsb1639188914522",
        "description": "Magnesium stearate",
        "exampleBoolean": true
      },
      {
        "extension": [
          {
            "url": "http://hl7.org/fhir/tools/StructureDefinition/resource-information",
            "valueString": "Ingredient"
          }
        ],
        "reference": {
          "reference": "Ingredient/cfsb1639188931320"
        },
        "name": "cfsb1639188931320",
        "description": "Methacrylic acid-ethyl acrylate copolymer (1:1)",
        "exampleBoolean": true
      },
      {
        "extension": [
          {
            "url": "http://hl7.org/fhir/tools/StructureDefinition/resource-information",
            "valueString": "Ingredient"
          }
        ],
        "reference": {
          "reference": "Ingredient/cfsb1639188944570"
        },
        "name": "cfsb1639188944570",
        "description": "Talc",
        "exampleBoolean": true
      },
      {
        "extension": [
          {
            "url": "http://hl7.org/fhir/tools/StructureDefinition/resource-information",
            "valueString": "Ingredient"
          }
        ],
        "reference": {
          "reference": "Ingredient/cfsb1639188961481"
        },
        "name": "cfsb1639188961481",
        "description": "Triethyl citrate",
        "exampleBoolean": true
      },
      {
        "extension": [
          {
            "url": "http://hl7.org/fhir/tools/StructureDefinition/resource-information",
            "valueString": "Ingredient"
          }
        ],
        "reference": {
          "reference": "Ingredient/cfsb1639188982012"
        },
        "name": "cfsb1639188982012",
        "description": "Titanium dioxide (E171)",
        "exampleBoolean": true
      },
      {
        "extension": [
          {
            "url": "http://hl7.org/fhir/tools/StructureDefinition/resource-information",
            "valueString": "Ingredient"
          }
        ],
        "reference": {
          "reference": "Ingredient/cfsb1639188991744"
        },
        "name": "cfsb1639188991744",
        "description": "Simethicone",
        "exampleBoolean": true
      },
      {
        "extension": [
          {
            "url": "http://hl7.org/fhir/tools/StructureDefinition/resource-information",
            "valueString": "Ingredient"
          }
        ],
        "reference": {
          "reference": "Ingredient/cfsb1639189003542"
        },
        "name": "cfsb1639189003542",
        "description": "Indigo carmine (E132)",
        "exampleBoolean": true
      },
      {
        "extension": [
          {
            "url": "http://hl7.org/fhir/tools/StructureDefinition/resource-information",
            "valueString": "Ingredient"
          }
        ],
        "reference": {
          "reference": "Ingredient/cfsb1639189015872"
        },
        "name": "cfsb1639189015872",
        "description": "Sodium hydroxide",
        "exampleBoolean": true
      },
      {
        "extension": [
          {
            "url": "http://hl7.org/fhir/tools/StructureDefinition/resource-information",
            "valueString": "ManufacturedItemDefinition"
          }
        ],
        "reference": {
          "reference": "ManufacturedItemDefinition/cfsb1639190046041"
        },
        "name": "cfsb1639190046041",
        "description": "30 mg tablet, Blister, 42 pack",
        "exampleBoolean": true
      },
      {
        "extension": [
          {
            "url": "http://hl7.org/fhir/tools/StructureDefinition/resource-information",
            "valueString": "ManufacturedItemDefinition"
          }
        ],
        "reference": {
          "reference": "ManufacturedItemDefinition/cfsb1639191683660"
        },
        "name": "cfsb1639191683660",
        "description": "120 mg tablet",
        "exampleBoolean": true
      },
      {
        "extension": [
          {
            "url": "http://hl7.org/fhir/tools/StructureDefinition/resource-information",
            "valueString": "AdministrableProductDefinition"
          }
        ],
        "reference": {
          "reference": "AdministrableProductDefinition/cfsb1639227408981"
        },
        "name": "cfsb1639227408981",
        "description": "30 mg tablet",
        "exampleBoolean": true
      },
      {
        "extension": [
          {
            "url": "http://hl7.org/fhir/tools/StructureDefinition/resource-information",
            "valueString": "AdministrableProductDefinition"
          }
        ],
        "reference": {
          "reference": "AdministrableProductDefinition/cfsb1639228293199"
        },
        "name": "cfsb1639228293199",
        "description": "120 mg tablet",
        "exampleBoolean": true
      },
      {
        "extension": [
          {
            "url": "http://hl7.org/fhir/tools/StructureDefinition/resource-information",
            "valueString": "PackagedProductDefinition"
          }
        ],
        "reference": {
          "reference": "PackagedProductDefinition/cfsb1639229333787"
        },
        "name": "cfsb1639229333787",
        "description": "blister x42 - 30 mg",
        "exampleBoolean": true
      },
      {
        "extension": [
          {
            "url": "http://hl7.org/fhir/tools/StructureDefinition/resource-information",
            "valueString": "MedicinalProductDefinition"
          }
        ],
        "reference": {
          "reference": "MedicinalProductDefinition/cfsb1639230499322"
        },
        "name": "cfsb1639230499322",
        "description": "EU/1/17/1201/001 30 mg, 42 blister",
        "exampleBoolean": true
      },
      {
        "extension": [
          {
            "url": "http://hl7.org/fhir/tools/StructureDefinition/resource-information",
            "valueString": "MedicinalProductDefinition"
          }
        ],
        "reference": {
          "reference": "MedicinalProductDefinition/cfsb1639230548265"
        },
        "name": "cfsb1639230548265",
        "description": "EU/1/17/1201/013 30 mg, 70 blister",
        "exampleBoolean": true
      },
      {
        "extension": [
          {
            "url": "http://hl7.org/fhir/tools/StructureDefinition/resource-information",
            "valueString": "MedicinalProductDefinition"
          }
        ],
        "reference": {
          "reference": "MedicinalProductDefinition/cfsb1639230598497"
        },
        "name": "cfsb1639230598497",
        "description": "EU/1/17/1201/014 30 mg, 210 blister",
        "exampleBoolean": true
      },
      {
        "extension": [
          {
            "url": "http://hl7.org/fhir/tools/StructureDefinition/resource-information",
            "valueString": "MedicinalProductDefinition"
          }
        ],
        "reference": {
          "reference": "MedicinalProductDefinition/cfsb1639230620815"
        },
        "name": "cfsb1639230620815",
        "description": "EU/1/17/1201/002 120 mg, 40 blister",
        "exampleBoolean": true
      },
      {
        "extension": [
          {
            "url": "http://hl7.org/fhir/tools/StructureDefinition/resource-information",
            "valueString": "MedicinalProductDefinition"
          }
        ],
        "reference": {
          "reference": "MedicinalProductDefinition/cfsb1639230646463"
        },
        "name": "cfsb1639230646463",
        "description": "120 mg, 70 blister",
        "exampleBoolean": true
      },
      {
        "extension": [
          {
            "url": "http://hl7.org/fhir/tools/StructureDefinition/resource-information",
            "valueString": "MedicinalProductDefinition"
          }
        ],
        "reference": {
          "reference": "MedicinalProductDefinition/cfsb1639230697840"
        },
        "name": "cfsb1639230697840",
        "description": "EU/1/17/1201/004 120 mg, 90 blister",
        "exampleBoolean": true
      },
      {
        "extension": [
          {
            "url": "http://hl7.org/fhir/tools/StructureDefinition/resource-information",
            "valueString": "MedicinalProductDefinition"
          }
        ],
        "reference": {
          "reference": "MedicinalProductDefinition/cfsb1639230722203"
        },
        "name": "cfsb1639230722203",
        "description": "EU/1/17/1201/005 120 mg, 100 blister",
        "exampleBoolean": true
      },
      {
        "extension": [
          {
            "url": "http://hl7.org/fhir/tools/StructureDefinition/resource-information",
            "valueString": "MedicinalProductDefinition"
          }
        ],
        "reference": {
          "reference": "MedicinalProductDefinition/cfsb1639230742250"
        },
        "name": "cfsb1639230742250",
        "description": "EU/1/17/1201/006 120 mg, 120 blister",
        "exampleBoolean": true
      },
      {
        "extension": [
          {
            "url": "http://hl7.org/fhir/tools/StructureDefinition/resource-information",
            "valueString": "MedicinalProductDefinition"
          }
        ],
        "reference": {
          "reference": "MedicinalProductDefinition/cfsb1639230766661"
        },
        "name": "cfsb1639230766661",
        "description": "EU/1/17/1201/007 120 mg, 180 blister",
        "exampleBoolean": true
      },
      {
        "extension": [
          {
            "url": "http://hl7.org/fhir/tools/StructureDefinition/resource-information",
            "valueString": "MedicinalProductDefinition"
          }
        ],
        "reference": {
          "reference": "MedicinalProductDefinition/cfsb1639230793613"
        },
        "name": "cfsb1639230793613",
        "description": "EU/1/17/1201/008 120 mg, 200 blister",
        "exampleBoolean": true
      },
      {
        "extension": [
          {
            "url": "http://hl7.org/fhir/tools/StructureDefinition/resource-information",
            "valueString": "MedicinalProductDefinition"
          }
        ],
        "reference": {
          "reference": "MedicinalProductDefinition/cfsb1639230826758"
        },
        "name": "cfsb1639230826758",
        "description": "EU/1/17/1201/009 120 mg, 240 blister",
        "exampleBoolean": true
      },
      {
        "extension": [
          {
            "url": "http://hl7.org/fhir/tools/StructureDefinition/resource-information",
            "valueString": "MedicinalProductDefinition"
          }
        ],
        "reference": {
          "reference": "MedicinalProductDefinition/cfsb1639230862286"
        },
        "name": "cfsb1639230862286",
        "description": "EU/1/17/1201/012 120 mg, 300 blister",
        "exampleBoolean": true
      },
      {
        "extension": [
          {
            "url": "http://hl7.org/fhir/tools/StructureDefinition/resource-information",
            "valueString": "MedicinalProductDefinition"
          }
        ],
        "reference": {
          "reference": "MedicinalProductDefinition/cfsb1639230887164"
        },
        "name": "cfsb1639230887164",
        "description": "EU/1/17/1201/010 120 mg, 360 blister",
        "exampleBoolean": true
      },
      {
        "extension": [
          {
            "url": "http://hl7.org/fhir/tools/StructureDefinition/resource-information",
            "valueString": "MedicinalProductDefinition"
          }
        ],
        "reference": {
          "reference": "MedicinalProductDefinition/cfsb1639230903448"
        },
        "name": "cfsb1639230903448",
        "description": "EU/1/17/1201/011 120 mg, 400",
        "exampleBoolean": true
      },
      {
        "extension": [
          {
            "url": "http://hl7.org/fhir/tools/StructureDefinition/resource-information",
            "valueString": "RegulatedAuthorization"
          }
        ],
        "reference": {
          "reference": "RegulatedAuthorization/cfsb1639230948355"
        },
        "name": "cfsb1639230948355",
        "description": "EU/1/17/1201/001 42 - 30 mg",
        "exampleBoolean": true
      },
      {
        "extension": [
          {
            "url": "http://hl7.org/fhir/tools/StructureDefinition/resource-information",
            "valueString": "RegulatedAuthorization"
          }
        ],
        "reference": {
          "reference": "RegulatedAuthorization/cfsb1639230976872"
        },
        "name": "cfsb1639230976872",
        "description": "EU/1/17/1201/003  70 - 120 mg",
        "exampleBoolean": true
      },
      {
        "extension": [
          {
            "url": "http://hl7.org/fhir/tools/StructureDefinition/resource-information",
            "valueString": "RegulatedAuthorization"
          }
        ],
        "reference": {
          "reference": "RegulatedAuthorization/cfsb1639231000086"
        },
        "name": "cfsb1639231000086",
        "description": "EU/1/17/1201/004  90 - 120 mg",
        "exampleBoolean": true
      },
      {
        "extension": [
          {
            "url": "http://hl7.org/fhir/tools/StructureDefinition/resource-information",
            "valueString": "RegulatedAuthorization"
          }
        ],
        "reference": {
          "reference": "RegulatedAuthorization/cfsb1639231013897"
        },
        "name": "cfsb1639231013897",
        "description": "EU/1/17/1201/005  100 - 120 mg",
        "exampleBoolean": true
      },
      {
        "extension": [
          {
            "url": "http://hl7.org/fhir/tools/StructureDefinition/resource-information",
            "valueString": "RegulatedAuthorization"
          }
        ],
        "reference": {
          "reference": "RegulatedAuthorization/cfsb1639231032998"
        },
        "name": "cfsb1639231032998",
        "description": "EU/1/17/1201/006  120 - 120 mg",
        "exampleBoolean": true
      },
      {
        "extension": [
          {
            "url": "http://hl7.org/fhir/tools/StructureDefinition/resource-information",
            "valueString": "RegulatedAuthorization"
          }
        ],
        "reference": {
          "reference": "RegulatedAuthorization/cfsb1639231046829"
        },
        "name": "cfsb1639231046829",
        "description": "EU/1/17/1201/007  180 - 120 mg",
        "exampleBoolean": true
      },
      {
        "extension": [
          {
            "url": "http://hl7.org/fhir/tools/StructureDefinition/resource-information",
            "valueString": "RegulatedAuthorization"
          }
        ],
        "reference": {
          "reference": "RegulatedAuthorization/cfsb1639231057362"
        },
        "name": "cfsb1639231057362",
        "description": "EU/1/17/1201/008  200 - 120 mg",
        "exampleBoolean": true
      },
      {
        "extension": [
          {
            "url": "http://hl7.org/fhir/tools/StructureDefinition/resource-information",
            "valueString": "RegulatedAuthorization"
          }
        ],
        "reference": {
          "reference": "RegulatedAuthorization/cfsb1639231057363"
        },
        "name": "cfsb1639231057363",
        "description": "EU/1/17/1201/008  200 - 120 mg",
        "exampleBoolean": true
      },
      {
        "extension": [
          {
            "url": "http://hl7.org/fhir/tools/StructureDefinition/resource-information",
            "valueString": "RegulatedAuthorization"
          }
        ],
        "reference": {
          "reference": "RegulatedAuthorization/cfsb1639231077127"
        },
        "name": "cfsb1639231077127",
        "description": "EU/1/17/1201/012  300 - 120 mg",
        "exampleBoolean": true
      },
      {
        "extension": [
          {
            "url": "http://hl7.org/fhir/tools/StructureDefinition/resource-information",
            "valueString": "RegulatedAuthorization"
          }
        ],
        "reference": {
          "reference": "RegulatedAuthorization/cfsb1639231090127"
        },
        "name": "cfsb1639231090127",
        "description": "EU/1/17/1201/010 360 - 120 mg",
        "exampleBoolean": true
      },
      {
        "extension": [
          {
            "url": "http://hl7.org/fhir/tools/StructureDefinition/resource-information",
            "valueString": "RegulatedAuthorization"
          }
        ],
        "reference": {
          "reference": "RegulatedAuthorization/cfsb1639231102456"
        },
        "name": "cfsb1639231102456",
        "description": "EU/1/17/1201/011 400 - 120 mg",
        "exampleBoolean": true
      },
      {
        "extension": [
          {
            "url": "http://hl7.org/fhir/tools/StructureDefinition/resource-information",
            "valueString": "RegulatedAuthorization"
          }
        ],
        "reference": {
          "reference": "RegulatedAuthorization/cfsb1639231126420"
        },
        "name": "cfsb1639231126420",
        "description": "EU/1/17/1201/013 70 - 30 mg",
        "exampleBoolean": true
      },
      {
        "extension": [
          {
            "url": "http://hl7.org/fhir/tools/StructureDefinition/resource-information",
            "valueString": "RegulatedAuthorization"
          }
        ],
        "reference": {
          "reference": "RegulatedAuthorization/cfsb1639231145768"
        },
        "name": "cfsb1639231145768",
        "description": "EU/1/17/1201/014 210 - 30 mg",
        "exampleBoolean": true
      },
      {
        "extension": [
          {
            "url": "http://hl7.org/fhir/tools/StructureDefinition/resource-information",
            "valueString": "PackagedProductDefinition"
          }
        ],
        "reference": {
          "reference": "PackagedProductDefinition/cfsb1639231211443"
        },
        "name": "cfsb1639231211443",
        "description": "blister x70 30 mg",
        "exampleBoolean": true
      },
      {
        "extension": [
          {
            "url": "http://hl7.org/fhir/tools/StructureDefinition/resource-information",
            "valueString": "PackagedProductDefinition"
          }
        ],
        "reference": {
          "reference": "PackagedProductDefinition/cfsb1639231308548"
        },
        "name": "cfsb1639231308548",
        "description": "blister x210 30 mg",
        "exampleBoolean": true
      },
      {
        "extension": [
          {
            "url": "http://hl7.org/fhir/tools/StructureDefinition/resource-information",
            "valueString": "PackagedProductDefinition"
          }
        ],
        "reference": {
          "reference": "PackagedProductDefinition/cfsb1639231329878"
        },
        "name": "cfsb1639231329878",
        "description": "blister x40 120 mg",
        "exampleBoolean": true
      },
      {
        "extension": [
          {
            "url": "http://hl7.org/fhir/tools/StructureDefinition/resource-information",
            "valueString": "PackagedProductDefinition"
          }
        ],
        "reference": {
          "reference": "PackagedProductDefinition/cfsb1639231345377"
        },
        "name": "cfsb1639231345377",
        "description": "blister x70 120 mg",
        "exampleBoolean": true
      },
      {
        "extension": [
          {
            "url": "http://hl7.org/fhir/tools/StructureDefinition/resource-information",
            "valueString": "PackagedProductDefinition"
          }
        ],
        "reference": {
          "reference": "PackagedProductDefinition/cfsb1639231381772"
        },
        "name": "cfsb1639231381772",
        "description": "blister x100 120 mg",
        "exampleBoolean": true
      },
      {
        "extension": [
          {
            "url": "http://hl7.org/fhir/tools/StructureDefinition/resource-information",
            "valueString": "PackagedProductDefinition"
          }
        ],
        "reference": {
          "reference": "PackagedProductDefinition/cfsb1639231397203"
        },
        "name": "cfsb1639231397203",
        "description": "blister x120 120 mg",
        "exampleBoolean": true
      },
      {
        "extension": [
          {
            "url": "http://hl7.org/fhir/tools/StructureDefinition/resource-information",
            "valueString": "PackagedProductDefinition"
          }
        ],
        "reference": {
          "reference": "PackagedProductDefinition/cfsb1639231412668"
        },
        "name": "cfsb1639231412668",
        "description": "blister x180 120 mg",
        "exampleBoolean": true
      },
      {
        "extension": [
          {
            "url": "http://hl7.org/fhir/tools/StructureDefinition/resource-information",
            "valueString": "PackagedProductDefinition"
          }
        ],
        "reference": {
          "reference": "PackagedProductDefinition/cfsb1639231426617"
        },
        "name": "cfsb1639231426617",
        "description": "blister x200 120 mg",
        "exampleBoolean": true
      },
      {
        "extension": [
          {
            "url": "http://hl7.org/fhir/tools/StructureDefinition/resource-information",
            "valueString": "PackagedProductDefinition"
          }
        ],
        "reference": {
          "reference": "PackagedProductDefinition/cfsb1639231440511"
        },
        "name": "cfsb1639231440511",
        "description": "blister x240 120 mg",
        "exampleBoolean": true
      },
      {
        "extension": [
          {
            "url": "http://hl7.org/fhir/tools/StructureDefinition/resource-information",
            "valueString": "PackagedProductDefinition"
          }
        ],
        "reference": {
          "reference": "PackagedProductDefinition/cfsb1639231457677"
        },
        "name": "cfsb1639231457677",
        "description": "blister x360 120 mg",
        "exampleBoolean": true
      },
      {
        "extension": [
          {
            "url": "http://hl7.org/fhir/tools/StructureDefinition/resource-information",
            "valueString": "PackagedProductDefinition"
          }
        ],
        "reference": {
          "reference": "PackagedProductDefinition/cfsb1639231480623"
        },
        "name": "cfsb1639231480623",
        "description": "blister x400 120 mg",
        "exampleBoolean": true
      },
      {
        "extension": [
          {
            "url": "http://hl7.org/fhir/tools/StructureDefinition/resource-information",
            "valueString": "PackagedProductDefinition"
          }
        ],
        "reference": {
          "reference": "PackagedProductDefinition/cfsb1639231529999"
        },
        "name": "cfsb1639231529999",
        "description": "blister x300 120 mg",
        "exampleBoolean": true
      },
      {
        "extension": [
          {
            "url": "http://hl7.org/fhir/tools/StructureDefinition/resource-information",
            "valueString": "RegulatedAuthorization"
          }
        ],
        "reference": {
          "reference": "RegulatedAuthorization/cfsb1639234802176"
        },
        "name": "cfsb1639234802176",
        "description": "EU/1/17/1201/002 40 - 120 mg",
        "exampleBoolean": true
      },
      {
        "extension": [
          {
            "url": "http://hl7.org/fhir/tools/StructureDefinition/resource-information",
            "valueString": "ClinicalUseDefinition"
          }
        ],
        "reference": {
          "reference": "ClinicalUseDefinition/cfsb1639240824314"
        },
        "name": "cfsb1639240824314",
        "description": "Indication",
        "exampleBoolean": true
      },
      {
        "extension": [
          {
            "url": "http://hl7.org/fhir/tools/StructureDefinition/resource-information",
            "valueString": "ClinicalUseDefinition"
          }
        ],
        "reference": {
          "reference": "ClinicalUseDefinition/cfsb1639240847910"
        },
        "name": "cfsb1639240847910",
        "description": "Contraindication - Gastrointestinal disorders",
        "exampleBoolean": true
      },
      {
        "extension": [
          {
            "url": "http://hl7.org/fhir/tools/StructureDefinition/resource-information",
            "valueString": "ClinicalUseDefinition"
          }
        ],
        "reference": {
          "reference": "ClinicalUseDefinition/cfsb1639240914083"
        },
        "name": "cfsb1639240914083",
        "description": "Contraindication - Hypersensitivity reaction",
        "exampleBoolean": true
      },
      {
        "extension": [
          {
            "url": "http://hl7.org/fhir/tools/StructureDefinition/resource-information",
            "valueString": "ClinicalUseDefinition"
          }
        ],
        "reference": {
          "reference": "ClinicalUseDefinition/cfsb1639240934786"
        },
        "name": "cfsb1639240934786",
        "description": "Contraindication - Hepatic impairment",
        "exampleBoolean": true
      },
      {
        "extension": [
          {
            "url": "http://hl7.org/fhir/tools/StructureDefinition/resource-information",
            "valueString": "ClinicalUseDefinition"
          }
        ],
        "reference": {
          "reference": "ClinicalUseDefinition/cfsb1639240956900"
        },
        "name": "cfsb1639240956900",
        "description": "Contraindication - Renal impairment",
        "exampleBoolean": true
      },
      {
        "extension": [
          {
            "url": "http://hl7.org/fhir/tools/StructureDefinition/resource-information",
            "valueString": "ClinicalUseDefinition"
          }
        ],
        "reference": {
          "reference": "ClinicalUseDefinition/cfsb1639240978629"
        },
        "name": "cfsb1639240978629",
        "description": "Contraindication - Pregnancy",
        "exampleBoolean": true
      },
      {
        "extension": [
          {
            "url": "http://hl7.org/fhir/tools/StructureDefinition/resource-information",
            "valueString": "ClinicalUseDefinition"
          }
        ],
        "reference": {
          "reference": "ClinicalUseDefinition/cfsb1639241004890"
        },
        "name": "cfsb1639241004890",
        "description": "Contraindication - Breast feeding",
        "exampleBoolean": true
      },
      {
        "extension": [
          {
            "url": "http://hl7.org/fhir/tools/StructureDefinition/resource-information",
            "valueString": "ClinicalUseDefinition"
          }
        ],
        "reference": {
          "reference": "ClinicalUseDefinition/cfsb1639241023005"
        },
        "name": "cfsb1639241023005",
        "description": "Interaction - METHOTREXATE",
        "exampleBoolean": true
      },
      {
        "extension": [
          {
            "url": "http://hl7.org/fhir/tools/StructureDefinition/resource-information",
            "valueString": "ClinicalUseDefinition"
          }
        ],
        "reference": {
          "reference": "ClinicalUseDefinition/cfsb1639241034937"
        },
        "name": "cfsb1639241034937",
        "description": "interaction - CYCLOSPORINE",
        "exampleBoolean": true
      },
      {
        "extension": [
          {
            "url": "http://hl7.org/fhir/tools/StructureDefinition/resource-information",
            "valueString": "Binary"
          }
        ],
        "reference": {
          "reference": "Binary/cfsb1639241073348"
        },
        "name": "cfsb1639241073348",
        "description": "30 mg tablet pic",
        "exampleBoolean": true
      },
      {
        "extension": [
          {
            "url": "http://hl7.org/fhir/tools/StructureDefinition/resource-information",
            "valueString": "Binary"
          }
        ],
        "reference": {
          "reference": "Binary/cfsb1639241092664"
        },
        "name": "cfsb1639241092664",
        "description": "120 mg tablet pic",
        "exampleBoolean": true
      },
      {
        "extension": [
          {
            "url": "http://hl7.org/fhir/tools/StructureDefinition/resource-information",
            "valueString": "Organization"
          }
        ],
        "reference": {
          "reference": "Organization/cfsb1639753766266"
        },
        "name": "cfsb1639753766266",
        "description": "Manufacturer",
        "exampleBoolean": true
      },
      {
        "extension": [
          {
            "url": "http://hl7.org/fhir/tools/StructureDefinition/resource-information",
            "valueString": "Organization"
          }
        ],
        "reference": {
          "reference": "Organization/cfsb1639754108144"
        },
        "name": "cfsb1639754108144",
        "description": "Market Authorization Holder",
        "exampleBoolean": true
      },
      {
        "extension": [
          {
            "url": "http://hl7.org/fhir/tools/StructureDefinition/resource-information",
            "valueString": "Ingredient"
          }
        ],
        "reference": {
          "reference": "Ingredient/cfsb1639754408039"
        },
        "name": "cfsb1639754408039",
        "description": "fosfomycin trometamol 3g",
        "exampleBoolean": true
      },
      {
        "extension": [
          {
            "url": "http://hl7.org/fhir/tools/StructureDefinition/resource-information",
            "valueString": "ManufacturedItemDefinition"
          }
        ],
        "reference": {
          "reference": "ManufacturedItemDefinition/cfsb1639756818482"
        },
        "name": "cfsb1639756818482",
        "description": "Monuril Granules for oral solution",
        "exampleBoolean": true
      },
      {
        "extension": [
          {
            "url": "http://hl7.org/fhir/tools/StructureDefinition/resource-information",
            "valueString": "PackagedProductDefinition"
          }
        ],
        "reference": {
          "reference": "PackagedProductDefinition/cfsb1639758328687"
        },
        "name": "cfsb1639758328687",
        "description": "Monuril 5 sachets of 8 g of granules (3 g fosfomycin)",
        "exampleBoolean": true
      },
      {
        "extension": [
          {
            "url": "http://hl7.org/fhir/tools/StructureDefinition/resource-information",
            "valueString": "MedicinalProductDefinition"
          }
        ],
        "reference": {
          "reference": "MedicinalProductDefinition/cfsb1639760186202"
        },
        "name": "cfsb1639760186202",
        "description": "Medicinal Product",
        "exampleBoolean": true
      },
      {
        "extension": [
          {
            "url": "http://hl7.org/fhir/tools/StructureDefinition/resource-information",
            "valueString": "AdministrableProductDefinition"
          }
        ],
        "reference": {
          "reference": "AdministrableProductDefinition/cfsb1639760977050"
        },
        "name": "cfsb1639760977050",
        "description": "Administrable Product",
        "exampleBoolean": true
      },
      {
        "extension": [
          {
            "url": "http://hl7.org/fhir/tools/StructureDefinition/resource-information",
            "valueString": "RegulatedAuthorization"
          }
        ],
        "reference": {
          "reference": "RegulatedAuthorization/cfsb1639761980721"
        },
        "name": "cfsb1639761980721",
        "description": "Regulated Authorization",
        "exampleBoolean": true
      },
      {
        "extension": [
          {
            "url": "http://hl7.org/fhir/tools/StructureDefinition/resource-information",
            "valueString": "Ingredient"
          }
        ],
        "reference": {
          "reference": "Ingredient/cfsb1639762372321"
        },
        "name": "cfsb1639762372321",
        "description": "Saccharin",
        "exampleBoolean": true
      },
      {
        "extension": [
          {
            "url": "http://hl7.org/fhir/tools/StructureDefinition/resource-information",
            "valueString": "Ingredient"
          }
        ],
        "reference": {
          "reference": "Ingredient/cfsb1639762372322"
        },
        "name": "cfsb1639762372322",
        "description": "Orange flavour",
        "exampleBoolean": true
      },
      {
        "extension": [
          {
            "url": "http://hl7.org/fhir/tools/StructureDefinition/resource-information",
            "valueString": "Ingredient"
          }
        ],
        "reference": {
          "reference": "Ingredient/cfsb1639762372323"
        },
        "name": "cfsb1639762372323",
        "description": "Mandarin flavour",
        "exampleBoolean": true
      },
      {
        "extension": [
          {
            "url": "http://hl7.org/fhir/tools/StructureDefinition/resource-information",
            "valueString": "Ingredient"
          }
        ],
        "reference": {
          "reference": "Ingredient/cfsb1639762593730"
        },
        "name": "cfsb1639762593730",
        "description": "Sucrose",
        "exampleBoolean": true
      },
      {
        "extension": [
          {
            "url": "http://hl7.org/fhir/tools/StructureDefinition/resource-information",
            "valueString": "PackagedProductDefinition"
          }
        ],
        "reference": {
          "reference": "PackagedProductDefinition/cfsb1639764389611"
        },
        "name": "cfsb1639764389611",
        "description": "Packaged Product - 2 sachets of 8 g of granules",
        "exampleBoolean": true
      },
      {
        "extension": [
          {
            "url": "http://hl7.org/fhir/tools/StructureDefinition/resource-information",
            "valueString": "PackagedProductDefinition"
          }
        ],
        "reference": {
          "reference": "PackagedProductDefinition/cfsb1639764389612"
        },
        "name": "cfsb1639764389612",
        "description": "Packaged Product - 1 sachet of 8 g of granules",
        "exampleBoolean": true
      },
      {
        "extension": [
          {
            "url": "http://hl7.org/fhir/tools/StructureDefinition/resource-information",
            "valueString": "Composition"
          }
        ],
        "reference": {
          "reference": "Composition/cfsb1639991356428"
        },
        "name": "cfsb1639991356428",
        "description": "Package Leaflet",
        "exampleBoolean": true
      },
      {
        "extension": [
          {
            "url": "http://hl7.org/fhir/tools/StructureDefinition/resource-information",
            "valueString": "Organization"
          }
        ],
        "reference": {
          "reference": "Organization/cfsb1640282801639"
        },
        "name": "cfsb1640282801639",
        "description": "EMA",
        "exampleBoolean": true
      },
      {
        "extension": [
          {
            "url": "http://hl7.org/fhir/tools/StructureDefinition/resource-information",
            "valueString": "PackagedProductDefinition"
          }
        ],
        "reference": {
          "reference": "PackagedProductDefinition/cfsb164028843078261"
        },
        "name": "cfsb164028843078261",
        "description": "blister x90 120 mg",
        "exampleBoolean": true
      },
      {
        "extension": [
          {
            "url": "http://hl7.org/fhir/tools/StructureDefinition/resource-information",
            "valueString": "AdministrableProductDefinition"
          }
        ],
        "reference": {
          "reference": "AdministrableProductDefinition/cfsb1640606978608"
        },
        "name": "cfsb1640606978608",
        "description": "Humalog 100 U/ml 5 pre-filled pen",
        "exampleBoolean": true
      },
      {
        "extension": [
          {
            "url": "http://hl7.org/fhir/tools/StructureDefinition/resource-information",
            "valueString": "Ingredient"
          }
        ],
        "reference": {
          "reference": "Ingredient/cfsb1640607635665"
        },
        "name": "cfsb1640607635665",
        "description": "Insulin Lispro",
        "exampleBoolean": true
      },
      {
        "extension": [
          {
            "url": "http://hl7.org/fhir/tools/StructureDefinition/resource-information",
            "valueString": "ManufacturedItemDefinition"
          }
        ],
        "reference": {
          "reference": "ManufacturedItemDefinition/cfsb1640777487408"
        },
        "name": "cfsb1640777487408",
        "description": "Manufactured Item",
        "exampleBoolean": true
      },
      {
        "extension": [
          {
            "url": "http://hl7.org/fhir/tools/StructureDefinition/resource-information",
            "valueString": "Ingredient"
          }
        ],
        "reference": {
          "reference": "Ingredient/cfsb1640780048702"
        },
        "name": "cfsb1640780048702",
        "description": "Glycerol",
        "exampleBoolean": true
      },
      {
        "extension": [
          {
            "url": "http://hl7.org/fhir/tools/StructureDefinition/resource-information",
            "valueString": "Ingredient"
          }
        ],
        "reference": {
          "reference": "Ingredient/cfsb1640780419325"
        },
        "name": "cfsb1640780419325",
        "description": "metacresol",
        "exampleBoolean": true
      },
      {
        "extension": [
          {
            "url": "http://hl7.org/fhir/tools/StructureDefinition/resource-information",
            "valueString": "Ingredient"
          }
        ],
        "reference": {
          "reference": "Ingredient/cfsb1640780546710"
        },
        "name": "cfsb1640780546710",
        "description": "Trometamol",
        "exampleBoolean": true
      },
      {
        "extension": [
          {
            "url": "http://hl7.org/fhir/tools/StructureDefinition/resource-information",
            "valueString": "Ingredient"
          }
        ],
        "reference": {
          "reference": "Ingredient/cfsb1640780625902"
        },
        "name": "cfsb1640780625902",
        "description": "Zinc Oxide",
        "exampleBoolean": true
      },
      {
        "extension": [
          {
            "url": "http://hl7.org/fhir/tools/StructureDefinition/resource-information",
            "valueString": "Ingredient"
          }
        ],
        "reference": {
          "reference": "Ingredient/cfsb1640780743829"
        },
        "name": "cfsb1640780743829",
        "description": "Water for injections",
        "exampleBoolean": true
      },
      {
        "extension": [
          {
            "url": "http://hl7.org/fhir/tools/StructureDefinition/resource-information",
            "valueString": "Ingredient"
          }
        ],
        "reference": {
          "reference": "Ingredient/cfsb1640780784213"
        },
        "name": "cfsb1640780784213",
        "description": "Hydrochloric acid",
        "exampleBoolean": true
      },
      {
        "extension": [
          {
            "url": "http://hl7.org/fhir/tools/StructureDefinition/resource-information",
            "valueString": "Ingredient"
          }
        ],
        "reference": {
          "reference": "Ingredient/cfsb1640780830373"
        },
        "name": "cfsb1640780830373",
        "description": "Sodium Hydroxide",
        "exampleBoolean": true
      },
      {
        "extension": [
          {
            "url": "http://hl7.org/fhir/tools/StructureDefinition/resource-information",
            "valueString": "PackagedProductDefinition"
          }
        ],
        "reference": {
          "reference": "PackagedProductDefinition/cfsb1640781499340"
        },
        "name": "cfsb1640781499340",
        "description": "5 pre-filled pens, 3 ml (3.5 mg/ml)",
        "exampleBoolean": true
      },
      {
        "extension": [
          {
            "url": "http://hl7.org/fhir/tools/StructureDefinition/resource-information",
            "valueString": "RegulatedAuthorization"
          }
        ],
        "reference": {
          "reference": "RegulatedAuthorization/cfsb1640870220343"
        },
        "name": "cfsb1640870220343",
        "description": "Regulated Authorization",
        "exampleBoolean": true
      },
      {
        "extension": [
          {
            "url": "http://hl7.org/fhir/tools/StructureDefinition/resource-information",
            "valueString": "Organization"
          }
        ],
        "reference": {
          "reference": "Organization/cfsb1640870284639"
        },
        "name": "cfsb1640870284639",
        "description": "Marketing Authorization Holder",
        "exampleBoolean": true
      },
      {
        "extension": [
          {
            "url": "http://hl7.org/fhir/tools/StructureDefinition/resource-information",
            "valueString": "Organization"
          }
        ],
        "reference": {
          "reference": "Organization/cfsb1640870328895"
        },
        "name": "cfsb1640870328895",
        "description": "Manufacturer",
        "exampleBoolean": true
      },
      {
        "extension": [
          {
            "url": "http://hl7.org/fhir/tools/StructureDefinition/resource-information",
            "valueString": "MedicinalProductDefinition"
          }
        ],
        "reference": {
          "reference": "MedicinalProductDefinition/cfsb1641212233583"
        },
        "name": "cfsb1641212233583",
        "description": "EU/1/96/007/035 Humalog Mix50 Insulin KwikPen, 3ml pre-fill",
        "exampleBoolean": true
      },
      {
        "extension": [
          {
            "url": "http://hl7.org/fhir/tools/StructureDefinition/resource-information",
            "valueString": "Organization"
          }
        ],
        "reference": {
          "reference": "Organization/cfsb1641381635293"
        },
        "name": "cfsb1641381635293",
        "description": "Manufaturer API",
        "exampleBoolean": true
      },
      {
        "extension": [
          {
            "url": "http://hl7.org/fhir/tools/StructureDefinition/resource-information",
            "valueString": "Composition"
          }
        ],
        "reference": {
          "reference": "Composition/cfsb1641383289499"
        },
        "name": "cfsb1641383289499",
        "description": "Package Leaflet",
        "exampleBoolean": true
      },
      {
        "extension": [
          {
            "url": "http://hl7.org/fhir/tools/StructureDefinition/resource-information",
            "valueString": "Bundle"
          }
        ],
        "reference": {
          "reference": "Bundle/cfsb1641827801260"
        },
        "name": "Vulcan Humalog FHIR Package Insert",
        "description": "Instance of Humalog package insert for Connectathon testing",
        "exampleBoolean": true
      },
      {
        "extension": [
          {
            "url": "http://hl7.org/fhir/tools/StructureDefinition/resource-information",
            "valueString": "RegulatedAuthorization"
          }
        ],
        "reference": {
          "reference": "RegulatedAuthorization/cfsb2023900992766"
        },
        "name": "cfsb2023900992766",
        "description": "EU/1/16/1157/003 100/33 x3 pre-filled pens",
        "exampleBoolean": true
      },
      {
        "extension": [
          {
            "url": "http://hl7.org/fhir/tools/StructureDefinition/resource-information",
            "valueString": "Organization"
          }
        ],
        "reference": {
          "reference": "Organization/cfsb2176224411725"
        },
        "name": "cfsb2176224411725",
        "description": "Manufacturer API",
        "exampleBoolean": true
      },
      {
        "extension": [
          {
            "url": "http://hl7.org/fhir/tools/StructureDefinition/resource-information",
            "valueString": "Bundle"
          }
        ],
        "reference": {
          "reference": "Bundle/cfsb2726030964451"
        },
        "name": "Vulcan Suliqua FHIR Package Insert 100/33 x3 pre-filled pens",
        "description": "Instance of Suliqua package insert for Connectathon testing",
        "exampleBoolean": true
      },
      {
        "extension": [
          {
            "url": "http://hl7.org/fhir/tools/StructureDefinition/resource-information",
            "valueString": "PackagedProductDefinition"
          }
        ],
        "reference": {
          "reference": "PackagedProductDefinition/cfsb2900611666086"
        },
        "name": "cfsb2900611666086",
        "description": "x5 pre-filled pens",
        "exampleBoolean": true
      },
      {
        "extension": [
          {
            "url": "http://hl7.org/fhir/tools/StructureDefinition/resource-information",
            "valueString": "Ingredient"
          }
        ],
        "reference": {
          "reference": "Ingredient/cfsb3286639616821"
        },
        "name": "cfsb3286639616821",
        "description": "Sodium hydroxide",
        "exampleBoolean": true
      },
      {
        "extension": [
          {
            "url": "http://hl7.org/fhir/tools/StructureDefinition/resource-information",
            "valueString": "AdministrableProductDefinition"
          }
        ],
        "reference": {
          "reference": "AdministrableProductDefinition/cfsb3361388689784"
        },
        "name": "cfsb3361388689784",
        "description": "Suliqua 100 units/ml + 50 micrograms/ml solution for injection in x5 pre-filled pens",
        "exampleBoolean": true
      },
      {
        "extension": [
          {
            "url": "http://hl7.org/fhir/tools/StructureDefinition/resource-information",
            "valueString": "Ingredient"
          }
        ],
        "reference": {
          "reference": "Ingredient/cfsb3768802370375"
        },
        "name": "cfsb3768802370375",
        "description": "Insulin glargine 100 units/ml",
        "exampleBoolean": true
      },
      {
        "extension": [
          {
            "url": "http://hl7.org/fhir/tools/StructureDefinition/resource-information",
            "valueString": "ClinicalUseDefinition"
          }
        ],
        "reference": {
          "reference": "ClinicalUseDefinition/cfsb4325643431772"
        },
        "name": "cfsb4325643431772",
        "description": "Contraindication - Hypersensitivity reaction",
        "exampleBoolean": true
      },
      {
        "extension": [
          {
            "url": "http://hl7.org/fhir/tools/StructureDefinition/resource-information",
            "valueString": "Composition"
          }
        ],
        "reference": {
          "reference": "Composition/cfsb5419150199436"
        },
        "name": "cfsb5419150199436",
        "description": "Pakningsvedlegg 100 enheter/ml + 50 mikrogram/ml",
        "exampleBoolean": true
      },
      {
        "extension": [
          {
            "url": "http://hl7.org/fhir/tools/StructureDefinition/resource-information",
            "valueString": "PackagedProductDefinition"
          }
        ],
        "reference": {
          "reference": "PackagedProductDefinition/cfsb5595996591065"
        },
        "name": "cfsb5595996591065",
        "description": "x3 pre-filled pens",
        "exampleBoolean": true
      },
      {
        "extension": [
          {
            "url": "http://hl7.org/fhir/tools/StructureDefinition/resource-information",
            "valueString": "DocumentReference"
          }
        ],
        "reference": {
          "reference": "DocumentReference/cfsb5671063821622"
        },
        "name": "cfsb5671063821622",
        "description": "Suliqua MP4 instruction video",
        "exampleBoolean": true
      },
      {
        "extension": [
          {
            "url": "http://hl7.org/fhir/tools/StructureDefinition/resource-information",
            "valueString": "AdministrableProductDefinition"
          }
        ],
        "reference": {
          "reference": "AdministrableProductDefinition/cfsb5880516529064"
        },
        "name": "cfsb5880516529064",
        "description": "Suliqua 100 units/ml + 33 micrograms/ml solution for injection in x3 pre-filled pens",
        "exampleBoolean": true
      },
      {
        "extension": [
          {
            "url": "http://hl7.org/fhir/tools/StructureDefinition/resource-information",
            "valueString": "Organization"
          }
        ],
        "reference": {
          "reference": "Organization/cfsb6005885654359"
        },
        "name": "cfsb6005885654359",
        "description": "Market Authorization Holder",
        "exampleBoolean": true
      },
      {
        "extension": [
          {
            "url": "http://hl7.org/fhir/tools/StructureDefinition/resource-information",
            "valueString": "ManufacturedItemDefinition"
          }
        ],
        "reference": {
          "reference": "ManufacturedItemDefinition/cfsb6176453266374"
        },
        "name": "cfsb6176453266374",
        "description": "Suliqua 100 units/ml + 50 micrograms/ml solution for injection in x5 pre-filled pens",
        "exampleBoolean": true
      },
      {
        "extension": [
          {
            "url": "http://hl7.org/fhir/tools/StructureDefinition/resource-information",
            "valueString": "Ingredient"
          }
        ],
        "reference": {
          "reference": "Ingredient/cfsb7034777237464"
        },
        "name": "cfsb7034777237464",
        "description": "Water for injections",
        "exampleBoolean": true
      },
      {
        "extension": [
          {
            "url": "http://hl7.org/fhir/tools/StructureDefinition/resource-information",
            "valueString": "ManufacturedItemDefinition"
          }
        ],
        "reference": {
          "reference": "ManufacturedItemDefinition/cfsb7089233601948"
        },
        "name": "cfsb7089233601948",
        "description": "Suliqua 100 units/ml + 33 micrograms/ml solution for injection in x3 pre-filled pens",
        "exampleBoolean": true
      },
      {
        "extension": [
          {
            "url": "http://hl7.org/fhir/tools/StructureDefinition/resource-information",
            "valueString": "MedicinalProductDefinition"
          }
        ],
        "reference": {
          "reference": "MedicinalProductDefinition/cfsb7123030148537"
        },
        "name": "cfsb7123030148537",
        "description": "EU/1/16/1157/003 100/33 x3 pre-filled pens",
        "exampleBoolean": true
      },
      {
        "extension": [
          {
            "url": "http://hl7.org/fhir/tools/StructureDefinition/resource-information",
            "valueString": "Ingredient"
          }
        ],
        "reference": {
          "reference": "Ingredient/cfsb7194634205639"
        },
        "name": "cfsb7194634205639",
        "description": "Metacresol",
        "exampleBoolean": true
      },
      {
        "extension": [
          {
            "url": "http://hl7.org/fhir/tools/StructureDefinition/resource-information",
            "valueString": "Ingredient"
          }
        ],
        "reference": {
          "reference": "Ingredient/cfsb7644964356957"
        },
        "name": "cfsb7644964356957",
        "description": "Glycerol 85%",
        "exampleBoolean": true
      },
      {
        "extension": [
          {
            "url": "http://hl7.org/fhir/tools/StructureDefinition/resource-information",
            "valueString": "Organization"
          }
        ],
        "reference": {
          "reference": "Organization/cfsb7719260512249"
        },
        "name": "cfsb7719260512249",
        "description": "Manufacturer Batch release",
        "exampleBoolean": true
      },
      {
        "extension": [
          {
            "url": "http://hl7.org/fhir/tools/StructureDefinition/resource-information",
            "valueString": "Ingredient"
          }
        ],
        "reference": {
          "reference": "Ingredient/cfsb8364716455502"
        },
        "name": "cfsb8364716455502",
        "description": "Lixisenatide 33 ug/ml",
        "exampleBoolean": true
      },
      {
        "extension": [
          {
            "url": "http://hl7.org/fhir/tools/StructureDefinition/resource-information",
            "valueString": "ClinicalUseDefinition"
          }
        ],
        "reference": {
          "reference": "ClinicalUseDefinition/cfsb8699684597483"
        },
        "name": "cfsb8699684597483",
        "description": "Indication",
        "exampleBoolean": true
      },
      {
        "extension": [
          {
            "url": "http://hl7.org/fhir/tools/StructureDefinition/resource-information",
            "valueString": "Ingredient"
          }
        ],
        "reference": {
          "reference": "Ingredient/cfsb8724428384435"
        },
        "name": "cfsb8724428384435",
        "description": "Lixisenatide 50 ug/ml",
        "exampleBoolean": true
      },
      {
        "extension": [
          {
            "url": "http://hl7.org/fhir/tools/StructureDefinition/resource-information",
            "valueString": "Ingredient"
          }
        ],
        "reference": {
          "reference": "Ingredient/cfsb8873568628101"
        },
        "name": "cfsb8873568628101",
        "description": "Methionine",
        "exampleBoolean": true
      },
      {
        "extension": [
          {
            "url": "http://hl7.org/fhir/tools/StructureDefinition/resource-information",
            "valueString": "Bundle"
          }
        ],
        "reference": {
          "reference": "Bundle/cfsb9078061117831"
        },
        "name": "Vulcan Suliqua FHIR Package Insert 100/50 x5 pre-filled pens",
        "description": "Instance of Suliqua package insert for Connectathon testing",
        "exampleBoolean": true
      },
      {
        "extension": [
          {
            "url": "http://hl7.org/fhir/tools/StructureDefinition/resource-information",
            "valueString": "Ingredient"
          }
        ],
        "reference": {
          "reference": "Ingredient/cfsb9561966749493"
        },
        "name": "cfsb9561966749493",
        "description": "Zinc chloride",
        "exampleBoolean": true
      },
      {
        "extension": [
          {
            "url": "http://hl7.org/fhir/tools/StructureDefinition/resource-information",
            "valueString": "RegulatedAuthorization"
          }
        ],
        "reference": {
          "reference": "RegulatedAuthorization/cfsb9631820498004"
        },
        "name": "cfsb9631820498004",
        "description": "EU/1/16/1157/002 100/50 x5 pre-filled pens",
        "exampleBoolean": true
      },
      {
        "extension": [
          {
            "url": "http://hl7.org/fhir/tools/StructureDefinition/resource-information",
            "valueString": "ClinicalUseDefinition"
          }
        ],
        "reference": {
          "reference": "ClinicalUseDefinition/cfsb9751995969937"
        },
        "name": "cfsb9751995969937",
        "description": "Interaction - Bezafibrat",
        "exampleBoolean": true
      },
      {
        "extension": [
          {
            "url": "http://hl7.org/fhir/tools/StructureDefinition/resource-information",
            "valueString": "CapabilityStatement"
          }
        ],
        "reference": {
          "reference": "CapabilityStatement/capability-statement-ema"
        },
        "name": "Summary of Product Characteristics (SmPC) / Package Leaflet (PL) server",
        "exampleBoolean": false
      },
      {
        "extension": [
          {
            "url": "http://hl7.org/fhir/tools/StructureDefinition/resource-information",
            "valueString": "Bundle"
          }
        ],
        "reference": {
          "reference": "Bundle/fmk-ips-skilarence"
        },
        "name": "fmk-ips-skilarence",
        "exampleBoolean": false
      },
      {
        "extension": [
          {
            "url": "http://hl7.org/fhir/tools/StructureDefinition/resource-information",
            "valueString": "MedicinalProductDefinition"
          }
        ],
        "reference": {
          "reference": "MedicinalProductDefinition/example"
        },
        "name": "example",
        "exampleBoolean": false
      }
    ],
    "page": {
      "nameUrl": "toc.html",
      "title": "Table of Contents",
      "generation": "html",
      "page": [
        {
          "nameUrl": "index.html",
          "title": "Home",
          "generation": "markdown"
        },
        {
          "nameUrl": "connections.html",
          "title": "Connections",
          "generation": "markdown"
        },
        {
          "nameUrl": "copyright.html",
          "title": "Copyright",
          "generation": "markdown"
        },
        {
          "nameUrl": "downloads.html",
          "title": "Downloads",
          "generation": "html"
        },
        {
          "nameUrl": "ePI-structure.html",
          "title": "E PI Structure",
          "generation": "markdown"
        },
        {
          "nameUrl": "terminology.html",
          "title": "Terminology",
          "generation": "markdown"
        },
        {
          "nameUrl": "use-case-example.html",
          "title": "Use Case Example",
          "generation": "markdown"
        }
      ]
    },
    "parameter": [
      {
        "code": "copyrightyear",
        "value": "2021+"
      },
      {
        "code": "releaselabel",
        "value": "CI Build"
      },
      {
        "code": "show-inherited-invariants",
        "value": "false"
      },
      {
        "code": "path-resource",
        "value": "input/resources/irbesartan"
      },
      {
        "code": "path-resource",
        "value": "input/resources/oxymetazoline-hydrochloride"
      },
      {
        "code": "path-resource",
        "value": "input/resources/dimethyl-fumarate"
      },
      {
        "code": "autoload-resources",
        "value": "true"
      },
      {
        "code": "path-resource",
        "value": "input/capabilities"
      },
      {
        "code": "path-resource",
        "value": "input/examples"
      },
      {
        "code": "path-resource",
        "value": "input/extensions"
      },
      {
        "code": "path-resource",
        "value": "input/models"
      },
      {
        "code": "path-resource",
        "value": "input/operations"
      },
      {
        "code": "path-resource",
        "value": "input/profiles"
      },
      {
        "code": "path-resource",
        "value": "input/resources"
      },
      {
        "code": "path-resource",
        "value": "input/vocabulary"
      },
      {
        "code": "path-resource",
        "value": "input/testing"
      },
      {
        "code": "path-resource",
        "value": "input/history"
      },
      {
        "code": "path-resource",
        "value": "fsh-generated/resources"
      },
      {
        "code": "path-pages",
        "value": "template/config"
      },
      {
        "code": "path-pages",
        "value": "input/images"
      },
      {
        "code": "path-liquid",
        "value": "template/liquid"
      },
      {
        "code": "path-liquid",
        "value": "input/liquid"
      },
      {
        "code": "path-qa",
        "value": "temp/qa"
      },
      {
        "code": "path-temp",
        "value": "temp/pages"
      },
      {
        "code": "path-output",
        "value": "output"
      },
      {
        "code": "path-tx-cache",
        "value": "input-cache/txcache"
      },
      {
        "code": "path-suppressed-warnings",
        "value": "input/ignoreWarnings.txt"
      },
      {
        "code": "path-history",
        "value": "http://hl7.eu/fhir/ig/gravitate-health/history.html"
      },
      {
        "code": "template-html",
        "value": "template-page.html"
      },
      {
        "code": "template-md",
        "value": "template-page-md.html"
      },
      {
        "code": "apply-contact",
        "value": "true"
      },
      {
        "code": "apply-context",
        "value": "true"
      },
      {
        "code": "apply-copyright",
        "value": "true"
      },
      {
        "code": "apply-jurisdiction",
        "value": "true"
      },
      {
        "code": "apply-license",
        "value": "true"
      },
      {
        "code": "apply-publisher",
        "value": "true"
      },
      {
        "code": "apply-version",
        "value": "true"
      },
      {
        "code": "active-tables",
        "value": "true"
      }
    ]
  }
}