<?xml version="1.0" encoding="UTF-8"?>

<MedicinalProductDefinition xmlns="http://hl7.org/fhir">
  <id value="example"/>
  <text>
    <status value="generated"/><div xmlns="http://www.w3.org/1999/xhtml"><p><b>Generated Narrative</b></p><div style="display: inline-block; background-color: #d9e0e7; padding: 6px; margin: 4px; border: 1px solid #8da1b4; border-radius: 5px; line-height: 60%"><p style="margin-bottom: 0px">Resource "example" </p></div><p><b>identifier</b>: id: {mpid}</p><p><b>classification</b>: B01AF02 <span style="background: LightGoldenRodYellow; margin: 4px; border: 1px solid khaki"> (WHOAnatomicalTherapeuticChemicalATCClassificationSystem#B01AF02)</span></p><blockquote><p><b>name</b></p><p><b>productName</b>: Equilidem 2.5 mg film-coated tablets</p><blockquote><p><b>namePart</b></p><p><b>part</b>: Equilidem</p><p><b>type</b>: INV <span style="background: LightGoldenRodYellow; margin: 4px; border: 1px solid khaki"> ([not stated]#INV)</span></p></blockquote><blockquote><p><b>namePart</b></p><p><b>part</b>: 2.5 mg</p><p><b>type</b>: STR <span style="background: LightGoldenRodYellow; margin: 4px; border: 1px solid khaki"> ([not stated]#STR)</span></p></blockquote><blockquote><p><b>namePart</b></p><p><b>part</b>: film-coated tablets</p><p><b>type</b>: FRM <span style="background: LightGoldenRodYellow; margin: 4px; border: 1px solid khaki"> ([not stated]#FRM)</span></p></blockquote><h3>CountryLanguages</h3><table class="grid"><tr><td>-</td><td><b>Country</b></td><td><b>Jurisdiction</b></td><td><b>Language</b></td></tr><tr><td>*</td><td>EU <span style="background: LightGoldenRodYellow; margin: 4px; border: 1px solid khaki"> (countryCode#EU)</span></td><td>EU <span style="background: LightGoldenRodYellow; margin: 4px; border: 1px solid khaki"> (jurisdictionCode#EU)</span></td><td>EN <span style="background: LightGoldenRodYellow; margin: 4px; border: 1px solid khaki"> (languageCode#EN)</span></td></tr></table></blockquote><blockquote><p><b>operation</b></p><p><b>effectiveDate</b>: 2013-03-15 --&gt; (ongoing)</p></blockquote></div>
  </text>
  <identifier>
    <system value="http://ema.europa.eu/example/MPID"/>
    <value value="{mpid}"/>
  </identifier>
  <classification>
    <coding>
      <system value="http://ema.europa.eu/example/WHOAnatomicalTherapeuticChemicalATCClassificationSystem"/>
      <code value="B01AF02"/>
    </coding>
  </classification>
  <name>
    <productName value="Equilidem 2.5 mg film-coated tablets"/>
    <namePart>
      <part value="Equilidem"/>
      <type>
        <coding>
          <code value="INV"/>
        </coding>
      </type>
    </namePart>
    <namePart>
      <part value="2.5 mg"/>
      <type>
        <coding>
          <code value="STR"/>
        </coding>
      </type>
    </namePart>
    <namePart>
      <part value="film-coated tablets"/>
      <type>
        <coding>
          <code value="FRM"/>
        </coding>
      </type>
    </namePart>
    <countryLanguage>
      <country>
        <coding>
          <system value="http://ema.europa.eu/example/countryCode"/>
          <code value="EU"/>
        </coding>
      </country>
      <jurisdiction>
        <coding>
          <system value="http://ema.europa.eu/example/jurisdictionCode"/>
          <code value="EU"/>
        </coding>
      </jurisdiction>
      <language>
        <coding>
          <system value="http://ema.europa.eu/example/languageCode"/>
          <code value="EN"/>
        </coding>
      </language>
    </countryLanguage>
  </name>
  <operation>
    <type>
      <concept>
        <coding>
          <system value="http://ema.europa.eu/example/manufacturingOperationType"/>
          <code value="Batchrelease"/>
        </coding>
      </concept>
    </type>
    <effectiveDate>
      <start value="2013-03-15"/>
    </effectiveDate>
  </operation>
</MedicinalProductDefinition>