{"resourceType":"ImplementationGuide","id":"hl7.eu.fhir.gh","text":{"status":"extensions","div":"<div xmlns=\"http://www.w3.org/1999/xhtml\"><h2>GhImplementationGuide</h2><p>The official URL for this implementation guide is: </p><pre>http://hl7.eu/fhir/ig/gravitate-health/ImplementationGuide/hl7.eu.fhir.gh</pre><div><p>Gravitate Health is an EU project aiming to empower and equip Europeans with health information for active personal health management and adherence to treatment.</p>\n</div></div>"},"url":"http://hl7.eu/fhir/ig/gravitate-health/ImplementationGuide/hl7.eu.fhir.gh","version":"0.1.0","name":"GhImplementationGuide","title":"Gravitate Health FHIR Implementation Guide","status":"active","date":"2022-01-11T09:48:47+00:00","contact":[{"name":"Gravitate Health Project","telecom":[{"system":"url","value":"https://www.gravitatehealth.eu/"}]}],"description":"Gravitate Health is an EU project aiming to empower and equip Europeans with health information for active personal health management and adherence to treatment.","packageId":"hl7.eu.fhir.gh","license":"CC0-1.0","fhirVersion":["5.0.0-snapshot1"],"definition":{"grouping":[{"id":"-dyn-capabilitystatement","name":"Behavior: Capability Statements","description":"The following artifacts define the specific capabilities that different types of systems are expected to have in order to comply with this implementation guide.  Systems conforming to this implementation guide are expected to declare conformance to one or more of the following capability statements."},{"id":"-term-codesystem","name":"Terminology: Code Systems","description":"These define new code systems used by systems conforming to this implementation guide"},{"id":"-ex-example","name":"Example: Example Instances","description":"These are example instances that show what data produced and consumed by systems conforming with this implementation guide might look like"},{"id":"-other","name":"Other","description":"These are resources that are used within this implementation guide that do not fit into one of the other categories"}],"resource":[{"extension":[{"url":"http://hl7.org/fhir/StructureDefinition/implementationguide-page","valueUri":"CodeSystem-Example.html"}],"reference":{"reference":"CodeSystem/Example"},"name":"EMA example-sections-pl","description":"Placeholder for EMA example-sections PL","exampleBoolean":false,"groupingId":"-term-codesystem"},{"extension":[{"url":"http://hl7.org/fhir/StructureDefinition/implementationguide-page","valueUri":"CodeSystem-Examplesmpc.html"}],"reference":{"reference":"CodeSystem/Examplesmpc"},"name":"EMA example-sections-smpc","description":"Placeholder for EMA example-sections smpc","exampleBoolean":false,"groupingId":"-term-codesystem"},{"extension":[{"url":"http://hl7.org/fhir/StructureDefinition/implementationguide-page","valueUri":"Bundle-12dde04f-a821-4c44-82ce-ab11e8c87c72.html"}],"reference":{"reference":"Bundle/12dde04f-a821-4c44-82ce-ab11e8c87c72"},"name":"Vulcan Skilarence 120 mg FHIR Package Insert","description":"instance of Skilarence package insert for connectathon testing","exampleBoolean":true,"groupingId":"-ex-example"},{"extension":[{"url":"http://hl7.org/fhir/StructureDefinition/implementationguide-page","valueUri":"Bundle-5526bcb3-9b7f-4bc1-a9e7-65302382d6f4.html"}],"reference":{"reference":"Bundle/5526bcb3-9b7f-4bc1-a9e7-65302382d6f4"},"name":"Vulcan Skilarence FHIR Package Insert","description":"instance of Skilarence package insert for connectathon testing","exampleBoolean":true,"groupingId":"-ex-example"},{"extension":[{"url":"http://hl7.org/fhir/StructureDefinition/implementationguide-page","valueUri":"Bundle-5526bcb3-9b7f-4bc1-a9e7-65302382e7a5.html"}],"reference":{"reference":"Bundle/5526bcb3-9b7f-4bc1-a9e7-65302382e7a5"},"name":"Vulcan Monuril FHIR Package Insert","description":"instance of Monuril package insert for connectathon testing","exampleBoolean":true,"groupingId":"-ex-example"},{"extension":[{"url":"http://hl7.org/fhir/StructureDefinition/implementationguide-page","valueUri":"MedicinalProductDefinition-cfsb1151803027115.html"}],"reference":{"reference":"MedicinalProductDefinition/cfsb1151803027115"},"name":"cfsb1151803027115","description":"EU/1/16/1157/002 100/50 x5 pre-filled pens","exampleBoolean":true,"groupingId":"-ex-example"},{"extension":[{"url":"http://hl7.org/fhir/StructureDefinition/implementationguide-page","valueUri":"Binary-cfsb11927037.html"}],"reference":{"reference":"Binary/cfsb11927037"},"name":"cfsb11927037","description":"Suliqua image 11927037","exampleBoolean":true,"groupingId":"-ex-example"},{"extension":[{"url":"http://hl7.org/fhir/StructureDefinition/implementationguide-page","valueUri":"Binary-cfsb11927038.html"}],"reference":{"reference":"Binary/cfsb11927038"},"name":"cfsb11927038","description":"Suliqua image 11927038","exampleBoolean":true,"groupingId":"-ex-example"},{"extension":[{"url":"http://hl7.org/fhir/StructureDefinition/implementationguide-page","valueUri":"Binary-cfsb11927039.html"}],"reference":{"reference":"Binary/cfsb11927039"},"name":"cfsb11927039","description":"Suliqua image 11927039","exampleBoolean":true,"groupingId":"-ex-example"},{"extension":[{"url":"http://hl7.org/fhir/StructureDefinition/implementationguide-page","valueUri":"Binary-cfsb11927040.html"}],"reference":{"reference":"Binary/cfsb11927040"},"name":"cfsb11927040","description":"Suliqua image 11927040","exampleBoolean":true,"groupingId":"-ex-example"},{"extension":[{"url":"http://hl7.org/fhir/StructureDefinition/implementationguide-page","valueUri":"Binary-cfsb11927041.html"}],"reference":{"reference":"Binary/cfsb11927041"},"name":"cfsb11927041","description":"Suliqua image 11927041","exampleBoolean":true,"groupingId":"-ex-example"},{"extension":[{"url":"http://hl7.org/fhir/StructureDefinition/implementationguide-page","valueUri":"Binary-cfsb11927042.html"}],"reference":{"reference":"Binary/cfsb11927042"},"name":"cfsb11927042","description":"Suliqua image 11927042","exampleBoolean":true,"groupingId":"-ex-example"},{"extension":[{"url":"http://hl7.org/fhir/StructureDefinition/implementationguide-page","valueUri":"Binary-cfsb11927043.html"}],"reference":{"reference":"Binary/cfsb11927043"},"name":"cfsb11927043","description":"Suliqua image 11927043","exampleBoolean":true,"groupingId":"-ex-example"},{"extension":[{"url":"http://hl7.org/fhir/StructureDefinition/implementationguide-page","valueUri":"Binary-cfsb11927044.html"}],"reference":{"reference":"Binary/cfsb11927044"},"name":"cfsb11927044","description":"Suliqua image 11927044","exampleBoolean":true,"groupingId":"-ex-example"},{"extension":[{"url":"http://hl7.org/fhir/StructureDefinition/implementationguide-page","valueUri":"Binary-cfsb11927045.html"}],"reference":{"reference":"Binary/cfsb11927045"},"name":"cfsb11927045","description":"Suliqua image 11927045","exampleBoolean":true,"groupingId":"-ex-example"},{"extension":[{"url":"http://hl7.org/fhir/StructureDefinition/implementationguide-page","valueUri":"Binary-cfsb11927046.html"}],"reference":{"reference":"Binary/cfsb11927046"},"name":"cfsb11927046","description":"Suliqua image 11927046","exampleBoolean":true,"groupingId":"-ex-example"},{"extension":[{"url":"http://hl7.org/fhir/StructureDefinition/implementationguide-page","valueUri":"Binary-cfsb11927047.html"}],"reference":{"reference":"Binary/cfsb11927047"},"name":"cfsb11927047","description":"Suliqua image 11927047","exampleBoolean":true,"groupingId":"-ex-example"},{"extension":[{"url":"http://hl7.org/fhir/StructureDefinition/implementationguide-page","valueUri":"Binary-cfsb11927048.html"}],"reference":{"reference":"Binary/cfsb11927048"},"name":"cfsb11927048","description":"Suliqua image 11927048","exampleBoolean":true,"groupingId":"-ex-example"},{"extension":[{"url":"http://hl7.org/fhir/StructureDefinition/implementationguide-page","valueUri":"Binary-cfsb11927049.html"}],"reference":{"reference":"Binary/cfsb11927049"},"name":"cfsb11927049","description":"Suliqua image 11927049","exampleBoolean":true,"groupingId":"-ex-example"},{"extension":[{"url":"http://hl7.org/fhir/StructureDefinition/implementationguide-page","valueUri":"Binary-cfsb11927050.html"}],"reference":{"reference":"Binary/cfsb11927050"},"name":"cfsb11927050","description":"Suliqua image 11927050","exampleBoolean":true,"groupingId":"-ex-example"},{"extension":[{"url":"http://hl7.org/fhir/StructureDefinition/implementationguide-page","valueUri":"Binary-cfsb11927051.html"}],"reference":{"reference":"Binary/cfsb11927051"},"name":"cfsb11927051","description":"Suliqua image 11927051","exampleBoolean":true,"groupingId":"-ex-example"},{"extension":[{"url":"http://hl7.org/fhir/StructureDefinition/implementationguide-page","valueUri":"Binary-cfsb11927052.html"}],"reference":{"reference":"Binary/cfsb11927052"},"name":"cfsb11927052","description":"Suliqua image 11927052","exampleBoolean":true,"groupingId":"-ex-example"},{"extension":[{"url":"http://hl7.org/fhir/StructureDefinition/implementationguide-page","valueUri":"Binary-cfsb11927053.html"}],"reference":{"reference":"Binary/cfsb11927053"},"name":"cfsb11927053","description":"Suliqua image 11927053","exampleBoolean":true,"groupingId":"-ex-example"},{"extension":[{"url":"http://hl7.org/fhir/StructureDefinition/implementationguide-page","valueUri":"Binary-cfsb11927054.html"}],"reference":{"reference":"Binary/cfsb11927054"},"name":"cfsb11927054","description":"Suliqua image 11927054","exampleBoolean":true,"groupingId":"-ex-example"},{"extension":[{"url":"http://hl7.org/fhir/StructureDefinition/implementationguide-page","valueUri":"Binary-cfsb11927055.html"}],"reference":{"reference":"Binary/cfsb11927055"},"name":"cfsb11927055","description":"Suliqua image 11927055","exampleBoolean":true,"groupingId":"-ex-example"},{"extension":[{"url":"http://hl7.org/fhir/StructureDefinition/implementationguide-page","valueUri":"Binary-cfsb11927056.html"}],"reference":{"reference":"Binary/cfsb11927056"},"name":"cfsb11927056","description":"Suliqua image 11927056","exampleBoolean":true,"groupingId":"-ex-example"},{"extension":[{"url":"http://hl7.org/fhir/StructureDefinition/implementationguide-page","valueUri":"Binary-cfsb11927280.html"}],"reference":{"reference":"Binary/cfsb11927280"},"name":"cfsb11927280","description":"Suliqua image 11927280","exampleBoolean":true,"groupingId":"-ex-example"},{"extension":[{"url":"http://hl7.org/fhir/StructureDefinition/implementationguide-page","valueUri":"Binary-cfsb11927281.html"}],"reference":{"reference":"Binary/cfsb11927281"},"name":"cfsb11927281","description":"Suliqua image 11927281","exampleBoolean":true,"groupingId":"-ex-example"},{"extension":[{"url":"http://hl7.org/fhir/StructureDefinition/implementationguide-page","valueUri":"Binary-cfsb11927282.html"}],"reference":{"reference":"Binary/cfsb11927282"},"name":"cfsb11927282","description":"Suliqua image 11927282","exampleBoolean":true,"groupingId":"-ex-example"},{"extension":[{"url":"http://hl7.org/fhir/StructureDefinition/implementationguide-page","valueUri":"Binary-cfsb11927284.html"}],"reference":{"reference":"Binary/cfsb11927284"},"name":"cfsb11927284","description":"Suliqua image 11927284","exampleBoolean":true,"groupingId":"-ex-example"},{"extension":[{"url":"http://hl7.org/fhir/StructureDefinition/implementationguide-page","valueUri":"Binary-cfsb11927285.html"}],"reference":{"reference":"Binary/cfsb11927285"},"name":"cfsb11927285","description":"Suliqua image 11927285","exampleBoolean":true,"groupingId":"-ex-example"},{"extension":[{"url":"http://hl7.org/fhir/StructureDefinition/implementationguide-page","valueUri":"Binary-cfsb11927286.html"}],"reference":{"reference":"Binary/cfsb11927286"},"name":"cfsb11927286","description":"Suliqua image 11927286","exampleBoolean":true,"groupingId":"-ex-example"},{"extension":[{"url":"http://hl7.org/fhir/StructureDefinition/implementationguide-page","valueUri":"Binary-cfsb11927287.html"}],"reference":{"reference":"Binary/cfsb11927287"},"name":"cfsb11927287","description":"Suliqua image 11927287","exampleBoolean":true,"groupingId":"-ex-example"},{"extension":[{"url":"http://hl7.org/fhir/StructureDefinition/implementationguide-page","valueUri":"Binary-cfsb11927288.html"}],"reference":{"reference":"Binary/cfsb11927288"},"name":"cfsb11927288","description":"Suliqua image 11927288","exampleBoolean":true,"groupingId":"-ex-example"},{"extension":[{"url":"http://hl7.org/fhir/StructureDefinition/implementationguide-page","valueUri":"Binary-cfsb11927289.html"}],"reference":{"reference":"Binary/cfsb11927289"},"name":"cfsb11927289","description":"Suliqua image 11927289","exampleBoolean":true,"groupingId":"-ex-example"},{"extension":[{"url":"http://hl7.org/fhir/StructureDefinition/implementationguide-page","valueUri":"Binary-cfsb11927290.html"}],"reference":{"reference":"Binary/cfsb11927290"},"name":"cfsb11927290","description":"Suliqua image 11927290","exampleBoolean":true,"groupingId":"-ex-example"},{"extension":[{"url":"http://hl7.org/fhir/StructureDefinition/implementationguide-page","valueUri":"Binary-cfsb11927293.html"}],"reference":{"reference":"Binary/cfsb11927293"},"name":"cfsb11927293","description":"Suliqua image 11927293","exampleBoolean":true,"groupingId":"-ex-example"},{"extension":[{"url":"http://hl7.org/fhir/StructureDefinition/implementationguide-page","valueUri":"Binary-cfsb11927295.html"}],"reference":{"reference":"Binary/cfsb11927295"},"name":"cfsb11927295","description":"Suliqua image 11927295","exampleBoolean":true,"groupingId":"-ex-example"},{"extension":[{"url":"http://hl7.org/fhir/StructureDefinition/implementationguide-page","valueUri":"Binary-cfsb11927296.html"}],"reference":{"reference":"Binary/cfsb11927296"},"name":"cfsb11927296","description":"Suliqua image 11927296","exampleBoolean":true,"groupingId":"-ex-example"},{"extension":[{"url":"http://hl7.org/fhir/StructureDefinition/implementationguide-page","valueUri":"Binary-cfsb11927297.html"}],"reference":{"reference":"Binary/cfsb11927297"},"name":"cfsb11927297","description":"Suliqua image 11927297","exampleBoolean":true,"groupingId":"-ex-example"},{"extension":[{"url":"http://hl7.org/fhir/StructureDefinition/implementationguide-page","valueUri":"Binary-cfsb11927298.html"}],"reference":{"reference":"Binary/cfsb11927298"},"name":"cfsb11927298","description":"Suliqua image 11927298","exampleBoolean":true,"groupingId":"-ex-example"},{"extension":[{"url":"http://hl7.org/fhir/StructureDefinition/implementationguide-page","valueUri":"Binary-cfsb11927299.html"}],"reference":{"reference":"Binary/cfsb11927299"},"name":"cfsb11927299","description":"Suliqua image 11927299","exampleBoolean":true,"groupingId":"-ex-example"},{"extension":[{"url":"http://hl7.org/fhir/StructureDefinition/implementationguide-page","valueUri":"Binary-cfsb11927300.html"}],"reference":{"reference":"Binary/cfsb11927300"},"name":"cfsb11927300","description":"Suliqua image 11927300","exampleBoolean":true,"groupingId":"-ex-example"},{"extension":[{"url":"http://hl7.org/fhir/StructureDefinition/implementationguide-page","valueUri":"Binary-cfsb11927301.html"}],"reference":{"reference":"Binary/cfsb11927301"},"name":"cfsb11927301","description":"Suliqua image 11927301","exampleBoolean":true,"groupingId":"-ex-example"},{"extension":[{"url":"http://hl7.org/fhir/StructureDefinition/implementationguide-page","valueUri":"Binary-cfsb11927302.html"}],"reference":{"reference":"Binary/cfsb11927302"},"name":"cfsb11927302","description":"Suliqua image 11927302","exampleBoolean":true,"groupingId":"-ex-example"},{"extension":[{"url":"http://hl7.org/fhir/StructureDefinition/implementationguide-page","valueUri":"Binary-cfsb11927303.html"}],"reference":{"reference":"Binary/cfsb11927303"},"name":"cfsb11927303","description":"Suliqua image 11927303","exampleBoolean":true,"groupingId":"-ex-example"},{"extension":[{"url":"http://hl7.org/fhir/StructureDefinition/implementationguide-page","valueUri":"Binary-cfsb11927304.html"}],"reference":{"reference":"Binary/cfsb11927304"},"name":"cfsb11927304","description":"Suliqua image 11927304","exampleBoolean":true,"groupingId":"-ex-example"},{"extension":[{"url":"http://hl7.org/fhir/StructureDefinition/implementationguide-page","valueUri":"Ingredient-cfsb1268193754623.html"}],"reference":{"reference":"Ingredient/cfsb1268193754623"},"name":"cfsb1268193754623","description":"Concentrated hydrochloric acid","exampleBoolean":true,"groupingId":"-ex-example"},{"extension":[{"url":"http://hl7.org/fhir/StructureDefinition/implementationguide-page","valueUri":"Composition-cfsb1316794754115.html"}],"reference":{"reference":"Composition/cfsb1316794754115"},"name":"cfsb1316794754115","description":"Pakningsvedlegg 100 enheter/ml + 33 mikrogram/ml","exampleBoolean":true,"groupingId":"-ex-example"},{"extension":[{"url":"http://hl7.org/fhir/StructureDefinition/implementationguide-page","valueUri":"Organization-cfsb1639003145277.html"}],"reference":{"reference":"Organization/cfsb1639003145277"},"name":"cfsb1639003145277","description":"Market Authorization Holder","exampleBoolean":true,"groupingId":"-ex-example"},{"extension":[{"url":"http://hl7.org/fhir/StructureDefinition/implementationguide-page","valueUri":"Composition-cfsb1639004037108.html"}],"reference":{"reference":"Composition/cfsb1639004037108"},"name":"cfsb1639004037108","description":"Package Leaflet 30 mg","exampleBoolean":true,"groupingId":"-ex-example"},{"extension":[{"url":"http://hl7.org/fhir/StructureDefinition/implementationguide-page","valueUri":"Organization-cfsb1639015344307.html"}],"reference":{"reference":"Organization/cfsb1639015344307"},"name":"cfsb1639015344307","description":"Manufacturer","exampleBoolean":true,"groupingId":"-ex-example"},{"extension":[{"url":"http://hl7.org/fhir/StructureDefinition/implementationguide-page","valueUri":"Organization-cfsb1639015880655.html"}],"reference":{"reference":"Organization/cfsb1639015880655"},"name":"cfsb1639015880655","description":"EMA","exampleBoolean":true,"groupingId":"-ex-example"},{"extension":[{"url":"http://hl7.org/fhir/StructureDefinition/implementationguide-page","valueUri":"Ingredient-cfsb1639015963928.html"}],"reference":{"reference":"Ingredient/cfsb1639015963928"},"name":"cfsb1639015963928","description":"dimethyl fumarate 30 mg","exampleBoolean":true,"groupingId":"-ex-example"},{"extension":[{"url":"http://hl7.org/fhir/StructureDefinition/implementationguide-page","valueUri":"Composition-cfsb1639016804189.html"}],"reference":{"reference":"Composition/cfsb1639016804189"},"name":"cfsb1639016804189","description":"Package Leaflet 120 mg","exampleBoolean":true,"groupingId":"-ex-example"},{"extension":[{"url":"http://hl7.org/fhir/StructureDefinition/implementationguide-page","valueUri":"Ingredient-cfsb1639017722742.html"}],"reference":{"reference":"Ingredient/cfsb1639017722742"},"name":"cfsb1639017722742","description":"Lactose monohydrate","exampleBoolean":true,"groupingId":"-ex-example"},{"extension":[{"url":"http://hl7.org/fhir/StructureDefinition/implementationguide-page","valueUri":"Ingredient-cfsb1639018040123.html"}],"reference":{"reference":"Ingredient/cfsb1639018040123"},"name":"cfsb1639018040123","description":"Cellulose microcrystalline","exampleBoolean":true,"groupingId":"-ex-example"},{"extension":[{"url":"http://hl7.org/fhir/StructureDefinition/implementationguide-page","valueUri":"Ingredient-cfsb1639018789432.html"}],"reference":{"reference":"Ingredient/cfsb1639018789432"},"name":"cfsb1639018789432","description":"dimethyl fumarate 120 mg","exampleBoolean":true,"groupingId":"-ex-example"},{"extension":[{"url":"http://hl7.org/fhir/StructureDefinition/implementationguide-page","valueUri":"Ingredient-cfsb1639019219159.html"}],"reference":{"reference":"Ingredient/cfsb1639019219159"},"name":"cfsb1639019219159","description":"Croscarmellose sodium","exampleBoolean":true,"groupingId":"-ex-example"},{"extension":[{"url":"http://hl7.org/fhir/StructureDefinition/implementationguide-page","valueUri":"Ingredient-cfsb1639188900323.html"}],"reference":{"reference":"Ingredient/cfsb1639188900323"},"name":"cfsb1639188900323","description":"Colloidal anhydrous silica","exampleBoolean":true,"groupingId":"-ex-example"},{"extension":[{"url":"http://hl7.org/fhir/StructureDefinition/implementationguide-page","valueUri":"Ingredient-cfsb1639188914522.html"}],"reference":{"reference":"Ingredient/cfsb1639188914522"},"name":"cfsb1639188914522","description":"Magnesium stearate","exampleBoolean":true,"groupingId":"-ex-example"},{"extension":[{"url":"http://hl7.org/fhir/StructureDefinition/implementationguide-page","valueUri":"Ingredient-cfsb1639188931320.html"}],"reference":{"reference":"Ingredient/cfsb1639188931320"},"name":"cfsb1639188931320","description":"Methacrylic acid-ethyl acrylate copolymer (1:1)","exampleBoolean":true,"groupingId":"-ex-example"},{"extension":[{"url":"http://hl7.org/fhir/StructureDefinition/implementationguide-page","valueUri":"Ingredient-cfsb1639188944570.html"}],"reference":{"reference":"Ingredient/cfsb1639188944570"},"name":"cfsb1639188944570","description":"Talc","exampleBoolean":true,"groupingId":"-ex-example"},{"extension":[{"url":"http://hl7.org/fhir/StructureDefinition/implementationguide-page","valueUri":"Ingredient-cfsb1639188961481.html"}],"reference":{"reference":"Ingredient/cfsb1639188961481"},"name":"cfsb1639188961481","description":"Triethyl citrate","exampleBoolean":true,"groupingId":"-ex-example"},{"extension":[{"url":"http://hl7.org/fhir/StructureDefinition/implementationguide-page","valueUri":"Ingredient-cfsb1639188982012.html"}],"reference":{"reference":"Ingredient/cfsb1639188982012"},"name":"cfsb1639188982012","description":"Titanium dioxide (E171)","exampleBoolean":true,"groupingId":"-ex-example"},{"extension":[{"url":"http://hl7.org/fhir/StructureDefinition/implementationguide-page","valueUri":"Ingredient-cfsb1639188991744.html"}],"reference":{"reference":"Ingredient/cfsb1639188991744"},"name":"cfsb1639188991744","description":"Simethicone","exampleBoolean":true,"groupingId":"-ex-example"},{"extension":[{"url":"http://hl7.org/fhir/StructureDefinition/implementationguide-page","valueUri":"Ingredient-cfsb1639189003542.html"}],"reference":{"reference":"Ingredient/cfsb1639189003542"},"name":"cfsb1639189003542","description":"Indigo carmine (E132)","exampleBoolean":true,"groupingId":"-ex-example"},{"extension":[{"url":"http://hl7.org/fhir/StructureDefinition/implementationguide-page","valueUri":"Ingredient-cfsb1639189015872.html"}],"reference":{"reference":"Ingredient/cfsb1639189015872"},"name":"cfsb1639189015872","description":"Sodium hydroxide","exampleBoolean":true,"groupingId":"-ex-example"},{"extension":[{"url":"http://hl7.org/fhir/StructureDefinition/implementationguide-page","valueUri":"ManufacturedItemDefinition-cfsb1639190046041.html"}],"reference":{"reference":"ManufacturedItemDefinition/cfsb1639190046041"},"name":"cfsb1639190046041","description":"30 mg tablet, Blister, 42 pack","exampleBoolean":true,"groupingId":"-ex-example"},{"extension":[{"url":"http://hl7.org/fhir/StructureDefinition/implementationguide-page","valueUri":"ManufacturedItemDefinition-cfsb1639191683660.html"}],"reference":{"reference":"ManufacturedItemDefinition/cfsb1639191683660"},"name":"cfsb1639191683660","description":"120 mg tablet","exampleBoolean":true,"groupingId":"-ex-example"},{"extension":[{"url":"http://hl7.org/fhir/StructureDefinition/implementationguide-page","valueUri":"AdministrableProductDefinition-cfsb1639227408981.html"}],"reference":{"reference":"AdministrableProductDefinition/cfsb1639227408981"},"name":"cfsb1639227408981","description":"30 mg tablet","exampleBoolean":true,"groupingId":"-ex-example"},{"extension":[{"url":"http://hl7.org/fhir/StructureDefinition/implementationguide-page","valueUri":"AdministrableProductDefinition-cfsb1639228293199.html"}],"reference":{"reference":"AdministrableProductDefinition/cfsb1639228293199"},"name":"cfsb1639228293199","description":"120 mg tablet","exampleBoolean":true,"groupingId":"-ex-example"},{"extension":[{"url":"http://hl7.org/fhir/StructureDefinition/implementationguide-page","valueUri":"PackagedProductDefinition-cfsb1639229333787.html"}],"reference":{"reference":"PackagedProductDefinition/cfsb1639229333787"},"name":"cfsb1639229333787","description":"blister x42 - 30 mg","exampleBoolean":true,"groupingId":"-ex-example"},{"extension":[{"url":"http://hl7.org/fhir/StructureDefinition/implementationguide-page","valueUri":"MedicinalProductDefinition-cfsb1639230499322.html"}],"reference":{"reference":"MedicinalProductDefinition/cfsb1639230499322"},"name":"cfsb1639230499322","description":"EU/1/17/1201/001 30 mg, 42 blister","exampleBoolean":true,"groupingId":"-ex-example"},{"extension":[{"url":"http://hl7.org/fhir/StructureDefinition/implementationguide-page","valueUri":"MedicinalProductDefinition-cfsb1639230548265.html"}],"reference":{"reference":"MedicinalProductDefinition/cfsb1639230548265"},"name":"cfsb1639230548265","description":"EU/1/17/1201/013 30 mg, 70 blister","exampleBoolean":true,"groupingId":"-ex-example"},{"extension":[{"url":"http://hl7.org/fhir/StructureDefinition/implementationguide-page","valueUri":"MedicinalProductDefinition-cfsb1639230598497.html"}],"reference":{"reference":"MedicinalProductDefinition/cfsb1639230598497"},"name":"cfsb1639230598497","description":"EU/1/17/1201/014 30 mg, 210 blister","exampleBoolean":true,"groupingId":"-ex-example"},{"extension":[{"url":"http://hl7.org/fhir/StructureDefinition/implementationguide-page","valueUri":"MedicinalProductDefinition-cfsb1639230620815.html"}],"reference":{"reference":"MedicinalProductDefinition/cfsb1639230620815"},"name":"cfsb1639230620815","description":"EU/1/17/1201/002 120 mg, 40 blister","exampleBoolean":true,"groupingId":"-ex-example"},{"extension":[{"url":"http://hl7.org/fhir/StructureDefinition/implementationguide-page","valueUri":"MedicinalProductDefinition-cfsb1639230646463.html"}],"reference":{"reference":"MedicinalProductDefinition/cfsb1639230646463"},"name":"cfsb1639230646463","description":"120 mg, 70 blister","exampleBoolean":true,"groupingId":"-ex-example"},{"extension":[{"url":"http://hl7.org/fhir/StructureDefinition/implementationguide-page","valueUri":"MedicinalProductDefinition-cfsb1639230697840.html"}],"reference":{"reference":"MedicinalProductDefinition/cfsb1639230697840"},"name":"cfsb1639230697840","description":"EU/1/17/1201/004 120 mg, 90 blister","exampleBoolean":true,"groupingId":"-ex-example"},{"extension":[{"url":"http://hl7.org/fhir/StructureDefinition/implementationguide-page","valueUri":"MedicinalProductDefinition-cfsb1639230722203.html"}],"reference":{"reference":"MedicinalProductDefinition/cfsb1639230722203"},"name":"cfsb1639230722203","description":"EU/1/17/1201/005 120 mg, 100 blister","exampleBoolean":true,"groupingId":"-ex-example"},{"extension":[{"url":"http://hl7.org/fhir/StructureDefinition/implementationguide-page","valueUri":"MedicinalProductDefinition-cfsb1639230742250.html"}],"reference":{"reference":"MedicinalProductDefinition/cfsb1639230742250"},"name":"cfsb1639230742250","description":"EU/1/17/1201/006 120 mg, 120 blister","exampleBoolean":true,"groupingId":"-ex-example"},{"extension":[{"url":"http://hl7.org/fhir/StructureDefinition/implementationguide-page","valueUri":"MedicinalProductDefinition-cfsb1639230766661.html"}],"reference":{"reference":"MedicinalProductDefinition/cfsb1639230766661"},"name":"cfsb1639230766661","description":"EU/1/17/1201/007 120 mg, 180 blister","exampleBoolean":true,"groupingId":"-ex-example"},{"extension":[{"url":"http://hl7.org/fhir/StructureDefinition/implementationguide-page","valueUri":"MedicinalProductDefinition-cfsb1639230793613.html"}],"reference":{"reference":"MedicinalProductDefinition/cfsb1639230793613"},"name":"cfsb1639230793613","description":"EU/1/17/1201/008 120 mg, 200 blister","exampleBoolean":true,"groupingId":"-ex-example"},{"extension":[{"url":"http://hl7.org/fhir/StructureDefinition/implementationguide-page","valueUri":"MedicinalProductDefinition-cfsb1639230826758.html"}],"reference":{"reference":"MedicinalProductDefinition/cfsb1639230826758"},"name":"cfsb1639230826758","description":"EU/1/17/1201/009 120 mg, 240 blister","exampleBoolean":true,"groupingId":"-ex-example"},{"extension":[{"url":"http://hl7.org/fhir/StructureDefinition/implementationguide-page","valueUri":"MedicinalProductDefinition-cfsb1639230862286.html"}],"reference":{"reference":"MedicinalProductDefinition/cfsb1639230862286"},"name":"cfsb1639230862286","description":"EU/1/17/1201/012 120 mg, 300 blister","exampleBoolean":true,"groupingId":"-ex-example"},{"extension":[{"url":"http://hl7.org/fhir/StructureDefinition/implementationguide-page","valueUri":"MedicinalProductDefinition-cfsb1639230887164.html"}],"reference":{"reference":"MedicinalProductDefinition/cfsb1639230887164"},"name":"cfsb1639230887164","description":"EU/1/17/1201/010 120 mg, 360 blister","exampleBoolean":true,"groupingId":"-ex-example"},{"extension":[{"url":"http://hl7.org/fhir/StructureDefinition/implementationguide-page","valueUri":"MedicinalProductDefinition-cfsb1639230903448.html"}],"reference":{"reference":"MedicinalProductDefinition/cfsb1639230903448"},"name":"cfsb1639230903448","description":"EU/1/17/1201/011 120 mg, 400","exampleBoolean":true,"groupingId":"-ex-example"},{"extension":[{"url":"http://hl7.org/fhir/StructureDefinition/implementationguide-page","valueUri":"RegulatedAuthorization-cfsb1639230948355.html"}],"reference":{"reference":"RegulatedAuthorization/cfsb1639230948355"},"name":"cfsb1639230948355","description":"EU/1/17/1201/001 42 - 30 mg","exampleBoolean":true,"groupingId":"-ex-example"},{"extension":[{"url":"http://hl7.org/fhir/StructureDefinition/implementationguide-page","valueUri":"RegulatedAuthorization-cfsb1639230976872.html"}],"reference":{"reference":"RegulatedAuthorization/cfsb1639230976872"},"name":"cfsb1639230976872","description":"EU/1/17/1201/003  70 - 120 mg","exampleBoolean":true,"groupingId":"-ex-example"},{"extension":[{"url":"http://hl7.org/fhir/StructureDefinition/implementationguide-page","valueUri":"RegulatedAuthorization-cfsb1639231000086.html"}],"reference":{"reference":"RegulatedAuthorization/cfsb1639231000086"},"name":"cfsb1639231000086","description":"EU/1/17/1201/004  90 - 120 mg","exampleBoolean":true,"groupingId":"-ex-example"},{"extension":[{"url":"http://hl7.org/fhir/StructureDefinition/implementationguide-page","valueUri":"RegulatedAuthorization-cfsb1639231013897.html"}],"reference":{"reference":"RegulatedAuthorization/cfsb1639231013897"},"name":"cfsb1639231013897","description":"EU/1/17/1201/005  100 - 120 mg","exampleBoolean":true,"groupingId":"-ex-example"},{"extension":[{"url":"http://hl7.org/fhir/StructureDefinition/implementationguide-page","valueUri":"RegulatedAuthorization-cfsb1639231032998.html"}],"reference":{"reference":"RegulatedAuthorization/cfsb1639231032998"},"name":"cfsb1639231032998","description":"EU/1/17/1201/006  120 - 120 mg","exampleBoolean":true,"groupingId":"-ex-example"},{"extension":[{"url":"http://hl7.org/fhir/StructureDefinition/implementationguide-page","valueUri":"RegulatedAuthorization-cfsb1639231046829.html"}],"reference":{"reference":"RegulatedAuthorization/cfsb1639231046829"},"name":"cfsb1639231046829","description":"EU/1/17/1201/007  180 - 120 mg","exampleBoolean":true,"groupingId":"-ex-example"},{"extension":[{"url":"http://hl7.org/fhir/StructureDefinition/implementationguide-page","valueUri":"RegulatedAuthorization-cfsb1639231057362.html"}],"reference":{"reference":"RegulatedAuthorization/cfsb1639231057362"},"name":"cfsb1639231057362","description":"EU/1/17/1201/008  200 - 120 mg","exampleBoolean":true,"groupingId":"-ex-example"},{"extension":[{"url":"http://hl7.org/fhir/StructureDefinition/implementationguide-page","valueUri":"RegulatedAuthorization-cfsb1639231057363.html"}],"reference":{"reference":"RegulatedAuthorization/cfsb1639231057363"},"name":"cfsb1639231057363","description":"EU/1/17/1201/008  200 - 120 mg","exampleBoolean":true,"groupingId":"-ex-example"},{"extension":[{"url":"http://hl7.org/fhir/StructureDefinition/implementationguide-page","valueUri":"RegulatedAuthorization-cfsb1639231077127.html"}],"reference":{"reference":"RegulatedAuthorization/cfsb1639231077127"},"name":"cfsb1639231077127","description":"EU/1/17/1201/012  300 - 120 mg","exampleBoolean":true,"groupingId":"-ex-example"},{"extension":[{"url":"http://hl7.org/fhir/StructureDefinition/implementationguide-page","valueUri":"RegulatedAuthorization-cfsb1639231090127.html"}],"reference":{"reference":"RegulatedAuthorization/cfsb1639231090127"},"name":"cfsb1639231090127","description":"EU/1/17/1201/010 360 - 120 mg","exampleBoolean":true,"groupingId":"-ex-example"},{"extension":[{"url":"http://hl7.org/fhir/StructureDefinition/implementationguide-page","valueUri":"RegulatedAuthorization-cfsb1639231102456.html"}],"reference":{"reference":"RegulatedAuthorization/cfsb1639231102456"},"name":"cfsb1639231102456","description":"EU/1/17/1201/011 400 - 120 mg","exampleBoolean":true,"groupingId":"-ex-example"},{"extension":[{"url":"http://hl7.org/fhir/StructureDefinition/implementationguide-page","valueUri":"RegulatedAuthorization-cfsb1639231126420.html"}],"reference":{"reference":"RegulatedAuthorization/cfsb1639231126420"},"name":"cfsb1639231126420","description":"EU/1/17/1201/013 70 - 30 mg","exampleBoolean":true,"groupingId":"-ex-example"},{"extension":[{"url":"http://hl7.org/fhir/StructureDefinition/implementationguide-page","valueUri":"RegulatedAuthorization-cfsb1639231145768.html"}],"reference":{"reference":"RegulatedAuthorization/cfsb1639231145768"},"name":"cfsb1639231145768","description":"EU/1/17/1201/014 210 - 30 mg","exampleBoolean":true,"groupingId":"-ex-example"},{"extension":[{"url":"http://hl7.org/fhir/StructureDefinition/implementationguide-page","valueUri":"PackagedProductDefinition-cfsb1639231211443.html"}],"reference":{"reference":"PackagedProductDefinition/cfsb1639231211443"},"name":"cfsb1639231211443","description":"blister x70 30 mg","exampleBoolean":true,"groupingId":"-ex-example"},{"extension":[{"url":"http://hl7.org/fhir/StructureDefinition/implementationguide-page","valueUri":"PackagedProductDefinition-cfsb1639231308548.html"}],"reference":{"reference":"PackagedProductDefinition/cfsb1639231308548"},"name":"cfsb1639231308548","description":"blister x210 30 mg","exampleBoolean":true,"groupingId":"-ex-example"},{"extension":[{"url":"http://hl7.org/fhir/StructureDefinition/implementationguide-page","valueUri":"PackagedProductDefinition-cfsb1639231329878.html"}],"reference":{"reference":"PackagedProductDefinition/cfsb1639231329878"},"name":"cfsb1639231329878","description":"blister x40 120 mg","exampleBoolean":true,"groupingId":"-ex-example"},{"extension":[{"url":"http://hl7.org/fhir/StructureDefinition/implementationguide-page","valueUri":"PackagedProductDefinition-cfsb1639231345377.html"}],"reference":{"reference":"PackagedProductDefinition/cfsb1639231345377"},"name":"cfsb1639231345377","description":"blister x70 120 mg","exampleBoolean":true,"groupingId":"-ex-example"},{"extension":[{"url":"http://hl7.org/fhir/StructureDefinition/implementationguide-page","valueUri":"PackagedProductDefinition-cfsb1639231381772.html"}],"reference":{"reference":"PackagedProductDefinition/cfsb1639231381772"},"name":"cfsb1639231381772","description":"blister x100 120 mg","exampleBoolean":true,"groupingId":"-ex-example"},{"extension":[{"url":"http://hl7.org/fhir/StructureDefinition/implementationguide-page","valueUri":"PackagedProductDefinition-cfsb1639231397203.html"}],"reference":{"reference":"PackagedProductDefinition/cfsb1639231397203"},"name":"cfsb1639231397203","description":"blister x120 120 mg","exampleBoolean":true,"groupingId":"-ex-example"},{"extension":[{"url":"http://hl7.org/fhir/StructureDefinition/implementationguide-page","valueUri":"PackagedProductDefinition-cfsb1639231412668.html"}],"reference":{"reference":"PackagedProductDefinition/cfsb1639231412668"},"name":"cfsb1639231412668","description":"blister x180 120 mg","exampleBoolean":true,"groupingId":"-ex-example"},{"extension":[{"url":"http://hl7.org/fhir/StructureDefinition/implementationguide-page","valueUri":"PackagedProductDefinition-cfsb1639231426617.html"}],"reference":{"reference":"PackagedProductDefinition/cfsb1639231426617"},"name":"cfsb1639231426617","description":"blister x200 120 mg","exampleBoolean":true,"groupingId":"-ex-example"},{"extension":[{"url":"http://hl7.org/fhir/StructureDefinition/implementationguide-page","valueUri":"PackagedProductDefinition-cfsb1639231440511.html"}],"reference":{"reference":"PackagedProductDefinition/cfsb1639231440511"},"name":"cfsb1639231440511","description":"blister x240 120 mg","exampleBoolean":true,"groupingId":"-ex-example"},{"extension":[{"url":"http://hl7.org/fhir/StructureDefinition/implementationguide-page","valueUri":"PackagedProductDefinition-cfsb1639231457677.html"}],"reference":{"reference":"PackagedProductDefinition/cfsb1639231457677"},"name":"cfsb1639231457677","description":"blister x360 120 mg","exampleBoolean":true,"groupingId":"-ex-example"},{"extension":[{"url":"http://hl7.org/fhir/StructureDefinition/implementationguide-page","valueUri":"PackagedProductDefinition-cfsb1639231480623.html"}],"reference":{"reference":"PackagedProductDefinition/cfsb1639231480623"},"name":"cfsb1639231480623","description":"blister x400 120 mg","exampleBoolean":true,"groupingId":"-ex-example"},{"extension":[{"url":"http://hl7.org/fhir/StructureDefinition/implementationguide-page","valueUri":"PackagedProductDefinition-cfsb1639231529999.html"}],"reference":{"reference":"PackagedProductDefinition/cfsb1639231529999"},"name":"cfsb1639231529999","description":"blister x300 120 mg","exampleBoolean":true,"groupingId":"-ex-example"},{"extension":[{"url":"http://hl7.org/fhir/StructureDefinition/implementationguide-page","valueUri":"RegulatedAuthorization-cfsb1639234802176.html"}],"reference":{"reference":"RegulatedAuthorization/cfsb1639234802176"},"name":"cfsb1639234802176","description":"EU/1/17/1201/002 40 - 120 mg","exampleBoolean":true,"groupingId":"-ex-example"},{"extension":[{"url":"http://hl7.org/fhir/StructureDefinition/implementationguide-page","valueUri":"ClinicalUseDefinition-cfsb1639240824314.html"}],"reference":{"reference":"ClinicalUseDefinition/cfsb1639240824314"},"name":"cfsb1639240824314","description":"Indication","exampleBoolean":true,"groupingId":"-ex-example"},{"extension":[{"url":"http://hl7.org/fhir/StructureDefinition/implementationguide-page","valueUri":"ClinicalUseDefinition-cfsb1639240847910.html"}],"reference":{"reference":"ClinicalUseDefinition/cfsb1639240847910"},"name":"cfsb1639240847910","description":"Contraindication - Gastrointestinal disorders","exampleBoolean":true,"groupingId":"-ex-example"},{"extension":[{"url":"http://hl7.org/fhir/StructureDefinition/implementationguide-page","valueUri":"ClinicalUseDefinition-cfsb1639240914083.html"}],"reference":{"reference":"ClinicalUseDefinition/cfsb1639240914083"},"name":"cfsb1639240914083","description":"Contraindication - Hypersensitivity reaction","exampleBoolean":true,"groupingId":"-ex-example"},{"extension":[{"url":"http://hl7.org/fhir/StructureDefinition/implementationguide-page","valueUri":"ClinicalUseDefinition-cfsb1639240934786.html"}],"reference":{"reference":"ClinicalUseDefinition/cfsb1639240934786"},"name":"cfsb1639240934786","description":"Contraindication - Hepatic impairment","exampleBoolean":true,"groupingId":"-ex-example"},{"extension":[{"url":"http://hl7.org/fhir/StructureDefinition/implementationguide-page","valueUri":"ClinicalUseDefinition-cfsb1639240956900.html"}],"reference":{"reference":"ClinicalUseDefinition/cfsb1639240956900"},"name":"cfsb1639240956900","description":"Contraindication - Renal impairment","exampleBoolean":true,"groupingId":"-ex-example"},{"extension":[{"url":"http://hl7.org/fhir/StructureDefinition/implementationguide-page","valueUri":"ClinicalUseDefinition-cfsb1639240978629.html"}],"reference":{"reference":"ClinicalUseDefinition/cfsb1639240978629"},"name":"cfsb1639240978629","description":"Contraindication - Pregnancy","exampleBoolean":true,"groupingId":"-ex-example"},{"extension":[{"url":"http://hl7.org/fhir/StructureDefinition/implementationguide-page","valueUri":"ClinicalUseDefinition-cfsb1639241004890.html"}],"reference":{"reference":"ClinicalUseDefinition/cfsb1639241004890"},"name":"cfsb1639241004890","description":"Contraindication - Breast feeding","exampleBoolean":true,"groupingId":"-ex-example"},{"extension":[{"url":"http://hl7.org/fhir/StructureDefinition/implementationguide-page","valueUri":"ClinicalUseDefinition-cfsb1639241023005.html"}],"reference":{"reference":"ClinicalUseDefinition/cfsb1639241023005"},"name":"cfsb1639241023005","description":"Interaction - METHOTREXATE","exampleBoolean":true,"groupingId":"-ex-example"},{"extension":[{"url":"http://hl7.org/fhir/StructureDefinition/implementationguide-page","valueUri":"ClinicalUseDefinition-cfsb1639241034937.html"}],"reference":{"reference":"ClinicalUseDefinition/cfsb1639241034937"},"name":"cfsb1639241034937","description":"interaction - CYCLOSPORINE","exampleBoolean":true,"groupingId":"-ex-example"},{"extension":[{"url":"http://hl7.org/fhir/StructureDefinition/implementationguide-page","valueUri":"Binary-cfsb1639241073348.html"}],"reference":{"reference":"Binary/cfsb1639241073348"},"name":"cfsb1639241073348","description":"30 mg tablet pic","exampleBoolean":true,"groupingId":"-ex-example"},{"extension":[{"url":"http://hl7.org/fhir/StructureDefinition/implementationguide-page","valueUri":"Binary-cfsb1639241092664.html"}],"reference":{"reference":"Binary/cfsb1639241092664"},"name":"cfsb1639241092664","description":"120 mg tablet pic","exampleBoolean":true,"groupingId":"-ex-example"},{"extension":[{"url":"http://hl7.org/fhir/StructureDefinition/implementationguide-page","valueUri":"Organization-cfsb1639753766266.html"}],"reference":{"reference":"Organization/cfsb1639753766266"},"name":"cfsb1639753766266","description":"Manufacturer","exampleBoolean":true,"groupingId":"-ex-example"},{"extension":[{"url":"http://hl7.org/fhir/StructureDefinition/implementationguide-page","valueUri":"Organization-cfsb1639754108144.html"}],"reference":{"reference":"Organization/cfsb1639754108144"},"name":"cfsb1639754108144","description":"Market Authorization Holder","exampleBoolean":true,"groupingId":"-ex-example"},{"extension":[{"url":"http://hl7.org/fhir/StructureDefinition/implementationguide-page","valueUri":"Ingredient-cfsb1639754408039.html"}],"reference":{"reference":"Ingredient/cfsb1639754408039"},"name":"cfsb1639754408039","description":"fosfomycin trometamol 3g","exampleBoolean":true,"groupingId":"-ex-example"},{"extension":[{"url":"http://hl7.org/fhir/StructureDefinition/implementationguide-page","valueUri":"ManufacturedItemDefinition-cfsb1639756818482.html"}],"reference":{"reference":"ManufacturedItemDefinition/cfsb1639756818482"},"name":"cfsb1639756818482","description":"Monuril Granules for oral solution","exampleBoolean":true,"groupingId":"-ex-example"},{"extension":[{"url":"http://hl7.org/fhir/StructureDefinition/implementationguide-page","valueUri":"PackagedProductDefinition-cfsb1639758328687.html"}],"reference":{"reference":"PackagedProductDefinition/cfsb1639758328687"},"name":"cfsb1639758328687","description":"Monuril 5 sachets of 8 g of granules (3 g fosfomycin)","exampleBoolean":true,"groupingId":"-ex-example"},{"extension":[{"url":"http://hl7.org/fhir/StructureDefinition/implementationguide-page","valueUri":"MedicinalProductDefinition-cfsb1639760186202.html"}],"reference":{"reference":"MedicinalProductDefinition/cfsb1639760186202"},"name":"cfsb1639760186202","description":"Medicinal Product","exampleBoolean":true,"groupingId":"-ex-example"},{"extension":[{"url":"http://hl7.org/fhir/StructureDefinition/implementationguide-page","valueUri":"AdministrableProductDefinition-cfsb1639760977050.html"}],"reference":{"reference":"AdministrableProductDefinition/cfsb1639760977050"},"name":"cfsb1639760977050","description":"Administrable Product","exampleBoolean":true,"groupingId":"-ex-example"},{"extension":[{"url":"http://hl7.org/fhir/StructureDefinition/implementationguide-page","valueUri":"RegulatedAuthorization-cfsb1639761980721.html"}],"reference":{"reference":"RegulatedAuthorization/cfsb1639761980721"},"name":"cfsb1639761980721","description":"Regulated Authorization","exampleBoolean":true,"groupingId":"-ex-example"},{"extension":[{"url":"http://hl7.org/fhir/StructureDefinition/implementationguide-page","valueUri":"Ingredient-cfsb1639762372321.html"}],"reference":{"reference":"Ingredient/cfsb1639762372321"},"name":"cfsb1639762372321","description":"Saccharin","exampleBoolean":true,"groupingId":"-ex-example"},{"extension":[{"url":"http://hl7.org/fhir/StructureDefinition/implementationguide-page","valueUri":"Ingredient-cfsb1639762372322.html"}],"reference":{"reference":"Ingredient/cfsb1639762372322"},"name":"cfsb1639762372322","description":"Orange flavour","exampleBoolean":true,"groupingId":"-ex-example"},{"extension":[{"url":"http://hl7.org/fhir/StructureDefinition/implementationguide-page","valueUri":"Ingredient-cfsb1639762372323.html"}],"reference":{"reference":"Ingredient/cfsb1639762372323"},"name":"cfsb1639762372323","description":"Mandarin flavour","exampleBoolean":true,"groupingId":"-ex-example"},{"extension":[{"url":"http://hl7.org/fhir/StructureDefinition/implementationguide-page","valueUri":"Ingredient-cfsb1639762593730.html"}],"reference":{"reference":"Ingredient/cfsb1639762593730"},"name":"cfsb1639762593730","description":"Sucrose","exampleBoolean":true,"groupingId":"-ex-example"},{"extension":[{"url":"http://hl7.org/fhir/StructureDefinition/implementationguide-page","valueUri":"PackagedProductDefinition-cfsb1639764389611.html"}],"reference":{"reference":"PackagedProductDefinition/cfsb1639764389611"},"name":"cfsb1639764389611","description":"Packaged Product - 2 sachets of 8 g of granules","exampleBoolean":true,"groupingId":"-ex-example"},{"extension":[{"url":"http://hl7.org/fhir/StructureDefinition/implementationguide-page","valueUri":"PackagedProductDefinition-cfsb1639764389612.html"}],"reference":{"reference":"PackagedProductDefinition/cfsb1639764389612"},"name":"cfsb1639764389612","description":"Packaged Product - 1 sachet of 8 g of granules","exampleBoolean":true,"groupingId":"-ex-example"},{"extension":[{"url":"http://hl7.org/fhir/StructureDefinition/implementationguide-page","valueUri":"Composition-cfsb1639991356428.html"}],"reference":{"reference":"Composition/cfsb1639991356428"},"name":"cfsb1639991356428","description":"Package Leaflet","exampleBoolean":true,"groupingId":"-ex-example"},{"extension":[{"url":"http://hl7.org/fhir/StructureDefinition/implementationguide-page","valueUri":"Organization-cfsb1640282801639.html"}],"reference":{"reference":"Organization/cfsb1640282801639"},"name":"cfsb1640282801639","description":"EMA","exampleBoolean":true,"groupingId":"-ex-example"},{"extension":[{"url":"http://hl7.org/fhir/StructureDefinition/implementationguide-page","valueUri":"PackagedProductDefinition-cfsb164028843078261.html"}],"reference":{"reference":"PackagedProductDefinition/cfsb164028843078261"},"name":"cfsb164028843078261","description":"blister x90 120 mg","exampleBoolean":true,"groupingId":"-ex-example"},{"extension":[{"url":"http://hl7.org/fhir/StructureDefinition/implementationguide-page","valueUri":"AdministrableProductDefinition-cfsb1640606978608.html"}],"reference":{"reference":"AdministrableProductDefinition/cfsb1640606978608"},"name":"cfsb1640606978608","description":"Humalog 100 U/ml 5 pre-filled pen","exampleBoolean":true,"groupingId":"-ex-example"},{"extension":[{"url":"http://hl7.org/fhir/StructureDefinition/implementationguide-page","valueUri":"Ingredient-cfsb1640607635665.html"}],"reference":{"reference":"Ingredient/cfsb1640607635665"},"name":"cfsb1640607635665","description":"Insulin Lispro","exampleBoolean":true,"groupingId":"-ex-example"},{"extension":[{"url":"http://hl7.org/fhir/StructureDefinition/implementationguide-page","valueUri":"ManufacturedItemDefinition-cfsb1640777487408.html"}],"reference":{"reference":"ManufacturedItemDefinition/cfsb1640777487408"},"name":"cfsb1640777487408","description":"Manufactured Item","exampleBoolean":true,"groupingId":"-ex-example"},{"extension":[{"url":"http://hl7.org/fhir/StructureDefinition/implementationguide-page","valueUri":"Ingredient-cfsb1640780048702.html"}],"reference":{"reference":"Ingredient/cfsb1640780048702"},"name":"cfsb1640780048702","description":"Glycerol","exampleBoolean":true,"groupingId":"-ex-example"},{"extension":[{"url":"http://hl7.org/fhir/StructureDefinition/implementationguide-page","valueUri":"Ingredient-cfsb1640780419325.html"}],"reference":{"reference":"Ingredient/cfsb1640780419325"},"name":"cfsb1640780419325","description":"metacresol","exampleBoolean":true,"groupingId":"-ex-example"},{"extension":[{"url":"http://hl7.org/fhir/StructureDefinition/implementationguide-page","valueUri":"Ingredient-cfsb1640780546710.html"}],"reference":{"reference":"Ingredient/cfsb1640780546710"},"name":"cfsb1640780546710","description":"Trometamol","exampleBoolean":true,"groupingId":"-ex-example"},{"extension":[{"url":"http://hl7.org/fhir/StructureDefinition/implementationguide-page","valueUri":"Ingredient-cfsb1640780625902.html"}],"reference":{"reference":"Ingredient/cfsb1640780625902"},"name":"cfsb1640780625902","description":"Zinc Oxide","exampleBoolean":true,"groupingId":"-ex-example"},{"extension":[{"url":"http://hl7.org/fhir/StructureDefinition/implementationguide-page","valueUri":"Ingredient-cfsb1640780743829.html"}],"reference":{"reference":"Ingredient/cfsb1640780743829"},"name":"cfsb1640780743829","description":"Water for injections","exampleBoolean":true,"groupingId":"-ex-example"},{"extension":[{"url":"http://hl7.org/fhir/StructureDefinition/implementationguide-page","valueUri":"Ingredient-cfsb1640780784213.html"}],"reference":{"reference":"Ingredient/cfsb1640780784213"},"name":"cfsb1640780784213","description":"Hydrochloric acid","exampleBoolean":true,"groupingId":"-ex-example"},{"extension":[{"url":"http://hl7.org/fhir/StructureDefinition/implementationguide-page","valueUri":"Ingredient-cfsb1640780830373.html"}],"reference":{"reference":"Ingredient/cfsb1640780830373"},"name":"cfsb1640780830373","description":"Sodium Hydroxide","exampleBoolean":true,"groupingId":"-ex-example"},{"extension":[{"url":"http://hl7.org/fhir/StructureDefinition/implementationguide-page","valueUri":"PackagedProductDefinition-cfsb1640781499340.html"}],"reference":{"reference":"PackagedProductDefinition/cfsb1640781499340"},"name":"cfsb1640781499340","description":"5 pre-filled pens, 3 ml (3.5 mg/ml)","exampleBoolean":true,"groupingId":"-ex-example"},{"extension":[{"url":"http://hl7.org/fhir/StructureDefinition/implementationguide-page","valueUri":"RegulatedAuthorization-cfsb1640870220343.html"}],"reference":{"reference":"RegulatedAuthorization/cfsb1640870220343"},"name":"cfsb1640870220343","description":"Regulated Authorization","exampleBoolean":true,"groupingId":"-ex-example"},{"extension":[{"url":"http://hl7.org/fhir/StructureDefinition/implementationguide-page","valueUri":"Organization-cfsb1640870284639.html"}],"reference":{"reference":"Organization/cfsb1640870284639"},"name":"cfsb1640870284639","description":"Marketing Authorization Holder","exampleBoolean":true,"groupingId":"-ex-example"},{"extension":[{"url":"http://hl7.org/fhir/StructureDefinition/implementationguide-page","valueUri":"Organization-cfsb1640870328895.html"}],"reference":{"reference":"Organization/cfsb1640870328895"},"name":"cfsb1640870328895","description":"Manufacturer","exampleBoolean":true,"groupingId":"-ex-example"},{"extension":[{"url":"http://hl7.org/fhir/StructureDefinition/implementationguide-page","valueUri":"MedicinalProductDefinition-cfsb1641212233583.html"}],"reference":{"reference":"MedicinalProductDefinition/cfsb1641212233583"},"name":"cfsb1641212233583","description":"EU/1/96/007/035 Humalog Mix50 Insulin KwikPen, 3ml pre-fill","exampleBoolean":true,"groupingId":"-ex-example"},{"extension":[{"url":"http://hl7.org/fhir/StructureDefinition/implementationguide-page","valueUri":"Organization-cfsb1641381635293.html"}],"reference":{"reference":"Organization/cfsb1641381635293"},"name":"cfsb1641381635293","description":"Manufaturer API","exampleBoolean":true,"groupingId":"-ex-example"},{"extension":[{"url":"http://hl7.org/fhir/StructureDefinition/implementationguide-page","valueUri":"Composition-cfsb1641383289499.html"}],"reference":{"reference":"Composition/cfsb1641383289499"},"name":"cfsb1641383289499","description":"Package Leaflet","exampleBoolean":true,"groupingId":"-ex-example"},{"extension":[{"url":"http://hl7.org/fhir/StructureDefinition/implementationguide-page","valueUri":"Bundle-cfsb1641827801260.html"}],"reference":{"reference":"Bundle/cfsb1641827801260"},"name":"Vulcan Humalog FHIR Package Insert","description":"Instance of Humalog package insert for Connectathon testing","exampleBoolean":true,"groupingId":"-ex-example"},{"extension":[{"url":"http://hl7.org/fhir/StructureDefinition/implementationguide-page","valueUri":"RegulatedAuthorization-cfsb2023900992766.html"}],"reference":{"reference":"RegulatedAuthorization/cfsb2023900992766"},"name":"cfsb2023900992766","description":"EU/1/16/1157/003 100/33 x3 pre-filled pens","exampleBoolean":true,"groupingId":"-ex-example"},{"extension":[{"url":"http://hl7.org/fhir/StructureDefinition/implementationguide-page","valueUri":"Organization-cfsb2176224411725.html"}],"reference":{"reference":"Organization/cfsb2176224411725"},"name":"cfsb2176224411725","description":"Manufacturer API","exampleBoolean":true,"groupingId":"-ex-example"},{"extension":[{"url":"http://hl7.org/fhir/StructureDefinition/implementationguide-page","valueUri":"Bundle-cfsb2726030964451.html"}],"reference":{"reference":"Bundle/cfsb2726030964451"},"name":"Vulcan Suliqua FHIR Package Insert 100/33 x3 pre-filled pens","description":"Instance of Suliqua package insert for Connectathon testing","exampleBoolean":true,"groupingId":"-ex-example"},{"extension":[{"url":"http://hl7.org/fhir/StructureDefinition/implementationguide-page","valueUri":"PackagedProductDefinition-cfsb2900611666086.html"}],"reference":{"reference":"PackagedProductDefinition/cfsb2900611666086"},"name":"cfsb2900611666086","description":"x5 pre-filled pens","exampleBoolean":true,"groupingId":"-ex-example"},{"extension":[{"url":"http://hl7.org/fhir/StructureDefinition/implementationguide-page","valueUri":"Ingredient-cfsb3286639616821.html"}],"reference":{"reference":"Ingredient/cfsb3286639616821"},"name":"cfsb3286639616821","description":"Sodium hydroxide","exampleBoolean":true,"groupingId":"-ex-example"},{"extension":[{"url":"http://hl7.org/fhir/StructureDefinition/implementationguide-page","valueUri":"AdministrableProductDefinition-cfsb3361388689784.html"}],"reference":{"reference":"AdministrableProductDefinition/cfsb3361388689784"},"name":"cfsb3361388689784","description":"Suliqua 100 units/ml + 50 micrograms/ml solution for injection in x5 pre-filled pens","exampleBoolean":true,"groupingId":"-ex-example"},{"extension":[{"url":"http://hl7.org/fhir/StructureDefinition/implementationguide-page","valueUri":"Ingredient-cfsb3768802370375.html"}],"reference":{"reference":"Ingredient/cfsb3768802370375"},"name":"cfsb3768802370375","description":"Insulin glargine 100 units/ml","exampleBoolean":true,"groupingId":"-ex-example"},{"extension":[{"url":"http://hl7.org/fhir/StructureDefinition/implementationguide-page","valueUri":"ClinicalUseDefinition-cfsb4325643431772.html"}],"reference":{"reference":"ClinicalUseDefinition/cfsb4325643431772"},"name":"cfsb4325643431772","description":"Contraindication - Hypersensitivity reaction","exampleBoolean":true,"groupingId":"-ex-example"},{"extension":[{"url":"http://hl7.org/fhir/StructureDefinition/implementationguide-page","valueUri":"Composition-cfsb5419150199436.html"}],"reference":{"reference":"Composition/cfsb5419150199436"},"name":"cfsb5419150199436","description":"Pakningsvedlegg 100 enheter/ml + 50 mikrogram/ml","exampleBoolean":true,"groupingId":"-ex-example"},{"extension":[{"url":"http://hl7.org/fhir/StructureDefinition/implementationguide-page","valueUri":"PackagedProductDefinition-cfsb5595996591065.html"}],"reference":{"reference":"PackagedProductDefinition/cfsb5595996591065"},"name":"cfsb5595996591065","description":"x3 pre-filled pens","exampleBoolean":true,"groupingId":"-ex-example"},{"extension":[{"url":"http://hl7.org/fhir/StructureDefinition/implementationguide-page","valueUri":"DocumentReference-cfsb5671063821622.html"}],"reference":{"reference":"DocumentReference/cfsb5671063821622"},"name":"cfsb5671063821622","description":"Suliqua MP4 instruction video","exampleBoolean":true,"groupingId":"-ex-example"},{"extension":[{"url":"http://hl7.org/fhir/StructureDefinition/implementationguide-page","valueUri":"AdministrableProductDefinition-cfsb5880516529064.html"}],"reference":{"reference":"AdministrableProductDefinition/cfsb5880516529064"},"name":"cfsb5880516529064","description":"Suliqua 100 units/ml + 33 micrograms/ml solution for injection in x3 pre-filled pens","exampleBoolean":true,"groupingId":"-ex-example"},{"extension":[{"url":"http://hl7.org/fhir/StructureDefinition/implementationguide-page","valueUri":"Organization-cfsb6005885654359.html"}],"reference":{"reference":"Organization/cfsb6005885654359"},"name":"cfsb6005885654359","description":"Market Authorization Holder","exampleBoolean":true,"groupingId":"-ex-example"},{"extension":[{"url":"http://hl7.org/fhir/StructureDefinition/implementationguide-page","valueUri":"ManufacturedItemDefinition-cfsb6176453266374.html"}],"reference":{"reference":"ManufacturedItemDefinition/cfsb6176453266374"},"name":"cfsb6176453266374","description":"Suliqua 100 units/ml + 50 micrograms/ml solution for injection in x5 pre-filled pens","exampleBoolean":true,"groupingId":"-ex-example"},{"extension":[{"url":"http://hl7.org/fhir/StructureDefinition/implementationguide-page","valueUri":"Ingredient-cfsb7034777237464.html"}],"reference":{"reference":"Ingredient/cfsb7034777237464"},"name":"cfsb7034777237464","description":"Water for injections","exampleBoolean":true,"groupingId":"-ex-example"},{"extension":[{"url":"http://hl7.org/fhir/StructureDefinition/implementationguide-page","valueUri":"ManufacturedItemDefinition-cfsb7089233601948.html"}],"reference":{"reference":"ManufacturedItemDefinition/cfsb7089233601948"},"name":"cfsb7089233601948","description":"Suliqua 100 units/ml + 33 micrograms/ml solution for injection in x3 pre-filled pens","exampleBoolean":true,"groupingId":"-ex-example"},{"extension":[{"url":"http://hl7.org/fhir/StructureDefinition/implementationguide-page","valueUri":"MedicinalProductDefinition-cfsb7123030148537.html"}],"reference":{"reference":"MedicinalProductDefinition/cfsb7123030148537"},"name":"cfsb7123030148537","description":"EU/1/16/1157/003 100/33 x3 pre-filled pens","exampleBoolean":true,"groupingId":"-ex-example"},{"extension":[{"url":"http://hl7.org/fhir/StructureDefinition/implementationguide-page","valueUri":"Ingredient-cfsb7194634205639.html"}],"reference":{"reference":"Ingredient/cfsb7194634205639"},"name":"cfsb7194634205639","description":"Metacresol","exampleBoolean":true,"groupingId":"-ex-example"},{"extension":[{"url":"http://hl7.org/fhir/StructureDefinition/implementationguide-page","valueUri":"Ingredient-cfsb7644964356957.html"}],"reference":{"reference":"Ingredient/cfsb7644964356957"},"name":"cfsb7644964356957","description":"Glycerol 85%","exampleBoolean":true,"groupingId":"-ex-example"},{"extension":[{"url":"http://hl7.org/fhir/StructureDefinition/implementationguide-page","valueUri":"Organization-cfsb7719260512249.html"}],"reference":{"reference":"Organization/cfsb7719260512249"},"name":"cfsb7719260512249","description":"Manufacturer Batch release","exampleBoolean":true,"groupingId":"-ex-example"},{"extension":[{"url":"http://hl7.org/fhir/StructureDefinition/implementationguide-page","valueUri":"Ingredient-cfsb8364716455502.html"}],"reference":{"reference":"Ingredient/cfsb8364716455502"},"name":"cfsb8364716455502","description":"Lixisenatide 33 ug/ml","exampleBoolean":true,"groupingId":"-ex-example"},{"extension":[{"url":"http://hl7.org/fhir/StructureDefinition/implementationguide-page","valueUri":"ClinicalUseDefinition-cfsb8699684597483.html"}],"reference":{"reference":"ClinicalUseDefinition/cfsb8699684597483"},"name":"cfsb8699684597483","description":"Indication","exampleBoolean":true,"groupingId":"-ex-example"},{"extension":[{"url":"http://hl7.org/fhir/StructureDefinition/implementationguide-page","valueUri":"Ingredient-cfsb8724428384435.html"}],"reference":{"reference":"Ingredient/cfsb8724428384435"},"name":"cfsb8724428384435","description":"Lixisenatide 50 ug/ml","exampleBoolean":true,"groupingId":"-ex-example"},{"extension":[{"url":"http://hl7.org/fhir/StructureDefinition/implementationguide-page","valueUri":"Ingredient-cfsb8873568628101.html"}],"reference":{"reference":"Ingredient/cfsb8873568628101"},"name":"cfsb8873568628101","description":"Methionine","exampleBoolean":true,"groupingId":"-ex-example"},{"extension":[{"url":"http://hl7.org/fhir/StructureDefinition/implementationguide-page","valueUri":"Bundle-cfsb9078061117831.html"}],"reference":{"reference":"Bundle/cfsb9078061117831"},"name":"Vulcan Suliqua FHIR Package Insert 100/50 x5 pre-filled pens","description":"Instance of Suliqua package insert for Connectathon testing","exampleBoolean":true,"groupingId":"-ex-example"},{"extension":[{"url":"http://hl7.org/fhir/StructureDefinition/implementationguide-page","valueUri":"Ingredient-cfsb9561966749493.html"}],"reference":{"reference":"Ingredient/cfsb9561966749493"},"name":"cfsb9561966749493","description":"Zinc chloride","exampleBoolean":true,"groupingId":"-ex-example"},{"extension":[{"url":"http://hl7.org/fhir/StructureDefinition/implementationguide-page","valueUri":"RegulatedAuthorization-cfsb9631820498004.html"}],"reference":{"reference":"RegulatedAuthorization/cfsb9631820498004"},"name":"cfsb9631820498004","description":"EU/1/16/1157/002 100/50 x5 pre-filled pens","exampleBoolean":true,"groupingId":"-ex-example"},{"extension":[{"url":"http://hl7.org/fhir/StructureDefinition/implementationguide-page","valueUri":"ClinicalUseDefinition-cfsb9751995969937.html"}],"reference":{"reference":"ClinicalUseDefinition/cfsb9751995969937"},"name":"cfsb9751995969937","description":"Interaction - Bezafibrat","exampleBoolean":true,"groupingId":"-ex-example"},{"extension":[{"url":"http://hl7.org/fhir/StructureDefinition/implementationguide-page","valueUri":"CapabilityStatement-capability-statement-ema.html"}],"reference":{"reference":"CapabilityStatement/capability-statement-ema"},"name":"Summary of Product Characteristics (SmPC) / Package Leaflet (PL) server","exampleBoolean":false,"groupingId":"-dyn-capabilitystatement"},{"extension":[{"url":"http://hl7.org/fhir/StructureDefinition/implementationguide-page","valueUri":"Bundle-fmk-ips-skilarence.html"}],"reference":{"reference":"Bundle/fmk-ips-skilarence"},"name":"fmk-ips-skilarence","exampleBoolean":false,"groupingId":"-other"},{"extension":[{"url":"http://hl7.org/fhir/StructureDefinition/implementationguide-page","valueUri":"MedicinalProductDefinition-example.html"}],"reference":{"reference":"MedicinalProductDefinition/example"},"name":"example","exampleBoolean":false,"groupingId":"-other"}],"page":{"nameUrl":"toc.html","title":"Table of Contents","generation":"html","page":[{"nameUrl":"index.html","title":"Home","generation":"markdown"},{"nameUrl":"connections.html","title":"Connections","generation":"markdown"},{"nameUrl":"copyright.html","title":"Copyright","generation":"markdown"},{"nameUrl":"downloads.html","title":"Downloads","generation":"html"},{"nameUrl":"ePI-structure.html","title":"E PI Structure","generation":"markdown"},{"nameUrl":"terminology.html","title":"Terminology","generation":"markdown"},{"nameUrl":"use-case-example.html","title":"Use Case Example","generation":"markdown"},{"nameUrl":"artifacts.html","title":"Artifacts Summary","generation":"html","page":[{"nameUrl":"CapabilityStatement-capability-statement-ema.html","title":"Summary of Product Characteristics (SmPC) / Package Leaflet (PL) server","generation":"generated"},{"nameUrl":"CodeSystem-Example.html","title":"EMA example-sections-pl","generation":"generated"},{"nameUrl":"CodeSystem-Examplesmpc.html","title":"EMA example-sections-smpc","generation":"generated"},{"nameUrl":"Bundle-12dde04f-a821-4c44-82ce-ab11e8c87c72.html","title":"Vulcan Skilarence 120 mg FHIR Package Insert","generation":"generated"},{"nameUrl":"Bundle-5526bcb3-9b7f-4bc1-a9e7-65302382d6f4.html","title":"Vulcan Skilarence FHIR Package Insert","generation":"generated"},{"nameUrl":"Bundle-5526bcb3-9b7f-4bc1-a9e7-65302382e7a5.html","title":"Vulcan Monuril FHIR Package Insert","generation":"generated"},{"nameUrl":"MedicinalProductDefinition-cfsb1151803027115.html","title":"cfsb1151803027115","generation":"generated"},{"nameUrl":"Binary-cfsb11927037.html","title":"cfsb11927037","generation":"generated"},{"nameUrl":"Binary-cfsb11927038.html","title":"cfsb11927038","generation":"generated"},{"nameUrl":"Binary-cfsb11927039.html","title":"cfsb11927039","generation":"generated"},{"nameUrl":"Binary-cfsb11927040.html","title":"cfsb11927040","generation":"generated"},{"nameUrl":"Binary-cfsb11927041.html","title":"cfsb11927041","generation":"generated"},{"nameUrl":"Binary-cfsb11927042.html","title":"cfsb11927042","generation":"generated"},{"nameUrl":"Binary-cfsb11927043.html","title":"cfsb11927043","generation":"generated"},{"nameUrl":"Binary-cfsb11927044.html","title":"cfsb11927044","generation":"generated"},{"nameUrl":"Binary-cfsb11927045.html","title":"cfsb11927045","generation":"generated"},{"nameUrl":"Binary-cfsb11927046.html","title":"cfsb11927046","generation":"generated"},{"nameUrl":"Binary-cfsb11927047.html","title":"cfsb11927047","generation":"generated"},{"nameUrl":"Binary-cfsb11927048.html","title":"cfsb11927048","generation":"generated"},{"nameUrl":"Binary-cfsb11927049.html","title":"cfsb11927049","generation":"generated"},{"nameUrl":"Binary-cfsb11927050.html","title":"cfsb11927050","generation":"generated"},{"nameUrl":"Binary-cfsb11927051.html","title":"cfsb11927051","generation":"generated"},{"nameUrl":"Binary-cfsb11927052.html","title":"cfsb11927052","generation":"generated"},{"nameUrl":"Binary-cfsb11927053.html","title":"cfsb11927053","generation":"generated"},{"nameUrl":"Binary-cfsb11927054.html","title":"cfsb11927054","generation":"generated"},{"nameUrl":"Binary-cfsb11927055.html","title":"cfsb11927055","generation":"generated"},{"nameUrl":"Binary-cfsb11927056.html","title":"cfsb11927056","generation":"generated"},{"nameUrl":"Binary-cfsb11927280.html","title":"cfsb11927280","generation":"generated"},{"nameUrl":"Binary-cfsb11927281.html","title":"cfsb11927281","generation":"generated"},{"nameUrl":"Binary-cfsb11927282.html","title":"cfsb11927282","generation":"generated"},{"nameUrl":"Binary-cfsb11927284.html","title":"cfsb11927284","generation":"generated"},{"nameUrl":"Binary-cfsb11927285.html","title":"cfsb11927285","generation":"generated"},{"nameUrl":"Binary-cfsb11927286.html","title":"cfsb11927286","generation":"generated"},{"nameUrl":"Binary-cfsb11927287.html","title":"cfsb11927287","generation":"generated"},{"nameUrl":"Binary-cfsb11927288.html","title":"cfsb11927288","generation":"generated"},{"nameUrl":"Binary-cfsb11927289.html","title":"cfsb11927289","generation":"generated"},{"nameUrl":"Binary-cfsb11927290.html","title":"cfsb11927290","generation":"generated"},{"nameUrl":"Binary-cfsb11927293.html","title":"cfsb11927293","generation":"generated"},{"nameUrl":"Binary-cfsb11927295.html","title":"cfsb11927295","generation":"generated"},{"nameUrl":"Binary-cfsb11927296.html","title":"cfsb11927296","generation":"generated"},{"nameUrl":"Binary-cfsb11927297.html","title":"cfsb11927297","generation":"generated"},{"nameUrl":"Binary-cfsb11927298.html","title":"cfsb11927298","generation":"generated"},{"nameUrl":"Binary-cfsb11927299.html","title":"cfsb11927299","generation":"generated"},{"nameUrl":"Binary-cfsb11927300.html","title":"cfsb11927300","generation":"generated"},{"nameUrl":"Binary-cfsb11927301.html","title":"cfsb11927301","generation":"generated"},{"nameUrl":"Binary-cfsb11927302.html","title":"cfsb11927302","generation":"generated"},{"nameUrl":"Binary-cfsb11927303.html","title":"cfsb11927303","generation":"generated"},{"nameUrl":"Binary-cfsb11927304.html","title":"cfsb11927304","generation":"generated"},{"nameUrl":"Ingredient-cfsb1268193754623.html","title":"cfsb1268193754623","generation":"generated"},{"nameUrl":"Composition-cfsb1316794754115.html","title":"cfsb1316794754115","generation":"generated"},{"nameUrl":"Organization-cfsb1639003145277.html","title":"cfsb1639003145277","generation":"generated"},{"nameUrl":"Composition-cfsb1639004037108.html","title":"cfsb1639004037108","generation":"generated"},{"nameUrl":"Organization-cfsb1639015344307.html","title":"cfsb1639015344307","generation":"generated"},{"nameUrl":"Organization-cfsb1639015880655.html","title":"cfsb1639015880655","generation":"generated"},{"nameUrl":"Ingredient-cfsb1639015963928.html","title":"cfsb1639015963928","generation":"generated"},{"nameUrl":"Composition-cfsb1639016804189.html","title":"cfsb1639016804189","generation":"generated"},{"nameUrl":"Ingredient-cfsb1639017722742.html","title":"cfsb1639017722742","generation":"generated"},{"nameUrl":"Ingredient-cfsb1639018040123.html","title":"cfsb1639018040123","generation":"generated"},{"nameUrl":"Ingredient-cfsb1639018789432.html","title":"cfsb1639018789432","generation":"generated"},{"nameUrl":"Ingredient-cfsb1639019219159.html","title":"cfsb1639019219159","generation":"generated"},{"nameUrl":"Ingredient-cfsb1639188900323.html","title":"cfsb1639188900323","generation":"generated"},{"nameUrl":"Ingredient-cfsb1639188914522.html","title":"cfsb1639188914522","generation":"generated"},{"nameUrl":"Ingredient-cfsb1639188931320.html","title":"cfsb1639188931320","generation":"generated"},{"nameUrl":"Ingredient-cfsb1639188944570.html","title":"cfsb1639188944570","generation":"generated"},{"nameUrl":"Ingredient-cfsb1639188961481.html","title":"cfsb1639188961481","generation":"generated"},{"nameUrl":"Ingredient-cfsb1639188982012.html","title":"cfsb1639188982012","generation":"generated"},{"nameUrl":"Ingredient-cfsb1639188991744.html","title":"cfsb1639188991744","generation":"generated"},{"nameUrl":"Ingredient-cfsb1639189003542.html","title":"cfsb1639189003542","generation":"generated"},{"nameUrl":"Ingredient-cfsb1639189015872.html","title":"cfsb1639189015872","generation":"generated"},{"nameUrl":"ManufacturedItemDefinition-cfsb1639190046041.html","title":"cfsb1639190046041","generation":"generated"},{"nameUrl":"ManufacturedItemDefinition-cfsb1639191683660.html","title":"cfsb1639191683660","generation":"generated"},{"nameUrl":"AdministrableProductDefinition-cfsb1639227408981.html","title":"cfsb1639227408981","generation":"generated"},{"nameUrl":"AdministrableProductDefinition-cfsb1639228293199.html","title":"cfsb1639228293199","generation":"generated"},{"nameUrl":"PackagedProductDefinition-cfsb1639229333787.html","title":"cfsb1639229333787","generation":"generated"},{"nameUrl":"MedicinalProductDefinition-cfsb1639230499322.html","title":"cfsb1639230499322","generation":"generated"},{"nameUrl":"MedicinalProductDefinition-cfsb1639230548265.html","title":"cfsb1639230548265","generation":"generated"},{"nameUrl":"MedicinalProductDefinition-cfsb1639230598497.html","title":"cfsb1639230598497","generation":"generated"},{"nameUrl":"MedicinalProductDefinition-cfsb1639230620815.html","title":"cfsb1639230620815","generation":"generated"},{"nameUrl":"MedicinalProductDefinition-cfsb1639230646463.html","title":"cfsb1639230646463","generation":"generated"},{"nameUrl":"MedicinalProductDefinition-cfsb1639230697840.html","title":"cfsb1639230697840","generation":"generated"},{"nameUrl":"MedicinalProductDefinition-cfsb1639230722203.html","title":"cfsb1639230722203","generation":"generated"},{"nameUrl":"MedicinalProductDefinition-cfsb1639230742250.html","title":"cfsb1639230742250","generation":"generated"},{"nameUrl":"MedicinalProductDefinition-cfsb1639230766661.html","title":"cfsb1639230766661","generation":"generated"},{"nameUrl":"MedicinalProductDefinition-cfsb1639230793613.html","title":"cfsb1639230793613","generation":"generated"},{"nameUrl":"MedicinalProductDefinition-cfsb1639230826758.html","title":"cfsb1639230826758","generation":"generated"},{"nameUrl":"MedicinalProductDefinition-cfsb1639230862286.html","title":"cfsb1639230862286","generation":"generated"},{"nameUrl":"MedicinalProductDefinition-cfsb1639230887164.html","title":"cfsb1639230887164","generation":"generated"},{"nameUrl":"MedicinalProductDefinition-cfsb1639230903448.html","title":"cfsb1639230903448","generation":"generated"},{"nameUrl":"RegulatedAuthorization-cfsb1639230948355.html","title":"cfsb1639230948355","generation":"generated"},{"nameUrl":"RegulatedAuthorization-cfsb1639230976872.html","title":"cfsb1639230976872","generation":"generated"},{"nameUrl":"RegulatedAuthorization-cfsb1639231000086.html","title":"cfsb1639231000086","generation":"generated"},{"nameUrl":"RegulatedAuthorization-cfsb1639231013897.html","title":"cfsb1639231013897","generation":"generated"},{"nameUrl":"RegulatedAuthorization-cfsb1639231032998.html","title":"cfsb1639231032998","generation":"generated"},{"nameUrl":"RegulatedAuthorization-cfsb1639231046829.html","title":"cfsb1639231046829","generation":"generated"},{"nameUrl":"RegulatedAuthorization-cfsb1639231057362.html","title":"cfsb1639231057362","generation":"generated"},{"nameUrl":"RegulatedAuthorization-cfsb1639231057363.html","title":"cfsb1639231057363","generation":"generated"},{"nameUrl":"RegulatedAuthorization-cfsb1639231077127.html","title":"cfsb1639231077127","generation":"generated"},{"nameUrl":"RegulatedAuthorization-cfsb1639231090127.html","title":"cfsb1639231090127","generation":"generated"},{"nameUrl":"RegulatedAuthorization-cfsb1639231102456.html","title":"cfsb1639231102456","generation":"generated"},{"nameUrl":"RegulatedAuthorization-cfsb1639231126420.html","title":"cfsb1639231126420","generation":"generated"},{"nameUrl":"RegulatedAuthorization-cfsb1639231145768.html","title":"cfsb1639231145768","generation":"generated"},{"nameUrl":"PackagedProductDefinition-cfsb1639231211443.html","title":"cfsb1639231211443","generation":"generated"},{"nameUrl":"PackagedProductDefinition-cfsb1639231308548.html","title":"cfsb1639231308548","generation":"generated"},{"nameUrl":"PackagedProductDefinition-cfsb1639231329878.html","title":"cfsb1639231329878","generation":"generated"},{"nameUrl":"PackagedProductDefinition-cfsb1639231345377.html","title":"cfsb1639231345377","generation":"generated"},{"nameUrl":"PackagedProductDefinition-cfsb1639231381772.html","title":"cfsb1639231381772","generation":"generated"},{"nameUrl":"PackagedProductDefinition-cfsb1639231397203.html","title":"cfsb1639231397203","generation":"generated"},{"nameUrl":"PackagedProductDefinition-cfsb1639231412668.html","title":"cfsb1639231412668","generation":"generated"},{"nameUrl":"PackagedProductDefinition-cfsb1639231426617.html","title":"cfsb1639231426617","generation":"generated"},{"nameUrl":"PackagedProductDefinition-cfsb1639231440511.html","title":"cfsb1639231440511","generation":"generated"},{"nameUrl":"PackagedProductDefinition-cfsb1639231457677.html","title":"cfsb1639231457677","generation":"generated"},{"nameUrl":"PackagedProductDefinition-cfsb1639231480623.html","title":"cfsb1639231480623","generation":"generated"},{"nameUrl":"PackagedProductDefinition-cfsb1639231529999.html","title":"cfsb1639231529999","generation":"generated"},{"nameUrl":"RegulatedAuthorization-cfsb1639234802176.html","title":"cfsb1639234802176","generation":"generated"},{"nameUrl":"ClinicalUseDefinition-cfsb1639240824314.html","title":"cfsb1639240824314","generation":"generated"},{"nameUrl":"ClinicalUseDefinition-cfsb1639240847910.html","title":"cfsb1639240847910","generation":"generated"},{"nameUrl":"ClinicalUseDefinition-cfsb1639240914083.html","title":"cfsb1639240914083","generation":"generated"},{"nameUrl":"ClinicalUseDefinition-cfsb1639240934786.html","title":"cfsb1639240934786","generation":"generated"},{"nameUrl":"ClinicalUseDefinition-cfsb1639240956900.html","title":"cfsb1639240956900","generation":"generated"},{"nameUrl":"ClinicalUseDefinition-cfsb1639240978629.html","title":"cfsb1639240978629","generation":"generated"},{"nameUrl":"ClinicalUseDefinition-cfsb1639241004890.html","title":"cfsb1639241004890","generation":"generated"},{"nameUrl":"ClinicalUseDefinition-cfsb1639241023005.html","title":"cfsb1639241023005","generation":"generated"},{"nameUrl":"ClinicalUseDefinition-cfsb1639241034937.html","title":"cfsb1639241034937","generation":"generated"},{"nameUrl":"Binary-cfsb1639241073348.html","title":"cfsb1639241073348","generation":"generated"},{"nameUrl":"Binary-cfsb1639241092664.html","title":"cfsb1639241092664","generation":"generated"},{"nameUrl":"Organization-cfsb1639753766266.html","title":"cfsb1639753766266","generation":"generated"},{"nameUrl":"Organization-cfsb1639754108144.html","title":"cfsb1639754108144","generation":"generated"},{"nameUrl":"Ingredient-cfsb1639754408039.html","title":"cfsb1639754408039","generation":"generated"},{"nameUrl":"ManufacturedItemDefinition-cfsb1639756818482.html","title":"cfsb1639756818482","generation":"generated"},{"nameUrl":"PackagedProductDefinition-cfsb1639758328687.html","title":"cfsb1639758328687","generation":"generated"},{"nameUrl":"MedicinalProductDefinition-cfsb1639760186202.html","title":"cfsb1639760186202","generation":"generated"},{"nameUrl":"AdministrableProductDefinition-cfsb1639760977050.html","title":"cfsb1639760977050","generation":"generated"},{"nameUrl":"RegulatedAuthorization-cfsb1639761980721.html","title":"cfsb1639761980721","generation":"generated"},{"nameUrl":"Ingredient-cfsb1639762372321.html","title":"cfsb1639762372321","generation":"generated"},{"nameUrl":"Ingredient-cfsb1639762372322.html","title":"cfsb1639762372322","generation":"generated"},{"nameUrl":"Ingredient-cfsb1639762372323.html","title":"cfsb1639762372323","generation":"generated"},{"nameUrl":"Ingredient-cfsb1639762593730.html","title":"cfsb1639762593730","generation":"generated"},{"nameUrl":"PackagedProductDefinition-cfsb1639764389611.html","title":"cfsb1639764389611","generation":"generated"},{"nameUrl":"PackagedProductDefinition-cfsb1639764389612.html","title":"cfsb1639764389612","generation":"generated"},{"nameUrl":"Composition-cfsb1639991356428.html","title":"cfsb1639991356428","generation":"generated"},{"nameUrl":"Organization-cfsb1640282801639.html","title":"cfsb1640282801639","generation":"generated"},{"nameUrl":"PackagedProductDefinition-cfsb164028843078261.html","title":"cfsb164028843078261","generation":"generated"},{"nameUrl":"AdministrableProductDefinition-cfsb1640606978608.html","title":"cfsb1640606978608","generation":"generated"},{"nameUrl":"Ingredient-cfsb1640607635665.html","title":"cfsb1640607635665","generation":"generated"},{"nameUrl":"ManufacturedItemDefinition-cfsb1640777487408.html","title":"cfsb1640777487408","generation":"generated"},{"nameUrl":"Ingredient-cfsb1640780048702.html","title":"cfsb1640780048702","generation":"generated"},{"nameUrl":"Ingredient-cfsb1640780419325.html","title":"cfsb1640780419325","generation":"generated"},{"nameUrl":"Ingredient-cfsb1640780546710.html","title":"cfsb1640780546710","generation":"generated"},{"nameUrl":"Ingredient-cfsb1640780625902.html","title":"cfsb1640780625902","generation":"generated"},{"nameUrl":"Ingredient-cfsb1640780743829.html","title":"cfsb1640780743829","generation":"generated"},{"nameUrl":"Ingredient-cfsb1640780784213.html","title":"cfsb1640780784213","generation":"generated"},{"nameUrl":"Ingredient-cfsb1640780830373.html","title":"cfsb1640780830373","generation":"generated"},{"nameUrl":"PackagedProductDefinition-cfsb1640781499340.html","title":"cfsb1640781499340","generation":"generated"},{"nameUrl":"RegulatedAuthorization-cfsb1640870220343.html","title":"cfsb1640870220343","generation":"generated"},{"nameUrl":"Organization-cfsb1640870284639.html","title":"cfsb1640870284639","generation":"generated"},{"nameUrl":"Organization-cfsb1640870328895.html","title":"cfsb1640870328895","generation":"generated"},{"nameUrl":"MedicinalProductDefinition-cfsb1641212233583.html","title":"cfsb1641212233583","generation":"generated"},{"nameUrl":"Organization-cfsb1641381635293.html","title":"cfsb1641381635293","generation":"generated"},{"nameUrl":"Composition-cfsb1641383289499.html","title":"cfsb1641383289499","generation":"generated"},{"nameUrl":"Bundle-cfsb1641827801260.html","title":"Vulcan Humalog FHIR Package Insert","generation":"generated"},{"nameUrl":"RegulatedAuthorization-cfsb2023900992766.html","title":"cfsb2023900992766","generation":"generated"},{"nameUrl":"Organization-cfsb2176224411725.html","title":"cfsb2176224411725","generation":"generated"},{"nameUrl":"Bundle-cfsb2726030964451.html","title":"Vulcan Suliqua FHIR Package Insert 100/33 x3 pre-filled pens","generation":"generated"},{"nameUrl":"PackagedProductDefinition-cfsb2900611666086.html","title":"cfsb2900611666086","generation":"generated"},{"nameUrl":"Ingredient-cfsb3286639616821.html","title":"cfsb3286639616821","generation":"generated"},{"nameUrl":"AdministrableProductDefinition-cfsb3361388689784.html","title":"cfsb3361388689784","generation":"generated"},{"nameUrl":"Ingredient-cfsb3768802370375.html","title":"cfsb3768802370375","generation":"generated"},{"nameUrl":"ClinicalUseDefinition-cfsb4325643431772.html","title":"cfsb4325643431772","generation":"generated"},{"nameUrl":"Composition-cfsb5419150199436.html","title":"cfsb5419150199436","generation":"generated"},{"nameUrl":"PackagedProductDefinition-cfsb5595996591065.html","title":"cfsb5595996591065","generation":"generated"},{"nameUrl":"DocumentReference-cfsb5671063821622.html","title":"cfsb5671063821622","generation":"generated"},{"nameUrl":"AdministrableProductDefinition-cfsb5880516529064.html","title":"cfsb5880516529064","generation":"generated"},{"nameUrl":"Organization-cfsb6005885654359.html","title":"cfsb6005885654359","generation":"generated"},{"nameUrl":"ManufacturedItemDefinition-cfsb6176453266374.html","title":"cfsb6176453266374","generation":"generated"},{"nameUrl":"Ingredient-cfsb7034777237464.html","title":"cfsb7034777237464","generation":"generated"},{"nameUrl":"ManufacturedItemDefinition-cfsb7089233601948.html","title":"cfsb7089233601948","generation":"generated"},{"nameUrl":"MedicinalProductDefinition-cfsb7123030148537.html","title":"cfsb7123030148537","generation":"generated"},{"nameUrl":"Ingredient-cfsb7194634205639.html","title":"cfsb7194634205639","generation":"generated"},{"nameUrl":"Ingredient-cfsb7644964356957.html","title":"cfsb7644964356957","generation":"generated"},{"nameUrl":"Organization-cfsb7719260512249.html","title":"cfsb7719260512249","generation":"generated"},{"nameUrl":"Ingredient-cfsb8364716455502.html","title":"cfsb8364716455502","generation":"generated"},{"nameUrl":"ClinicalUseDefinition-cfsb8699684597483.html","title":"cfsb8699684597483","generation":"generated"},{"nameUrl":"Ingredient-cfsb8724428384435.html","title":"cfsb8724428384435","generation":"generated"},{"nameUrl":"Ingredient-cfsb8873568628101.html","title":"cfsb8873568628101","generation":"generated"},{"nameUrl":"Bundle-cfsb9078061117831.html","title":"Vulcan Suliqua FHIR Package Insert 100/50 x5 pre-filled pens","generation":"generated"},{"nameUrl":"Ingredient-cfsb9561966749493.html","title":"cfsb9561966749493","generation":"generated"},{"nameUrl":"RegulatedAuthorization-cfsb9631820498004.html","title":"cfsb9631820498004","generation":"generated"},{"nameUrl":"ClinicalUseDefinition-cfsb9751995969937.html","title":"cfsb9751995969937","generation":"generated"},{"nameUrl":"Bundle-fmk-ips-skilarence.html","title":"fmk-ips-skilarence","generation":"generated"},{"nameUrl":"MedicinalProductDefinition-example.html","title":"example","generation":"generated"}]}]},"parameter":[{"code":"copyrightyear","value":"2021+"},{"code":"releaselabel","value":"CI Build"},{"code":"show-inherited-invariants","value":"false"},{"code":"path-resource","value":"input/resources/irbesartan"},{"code":"path-resource","value":"input/resources/oxymetazoline-hydrochloride"},{"code":"path-resource","value":"input/resources/dimethyl-fumarate"},{"code":"autoload-resources","value":"true"},{"code":"path-resource","value":"input/capabilities"},{"code":"path-resource","value":"input/examples"},{"code":"path-resource","value":"input/extensions"},{"code":"path-resource","value":"input/models"},{"code":"path-resource","value":"input/operations"},{"code":"path-resource","value":"input/profiles"},{"code":"path-resource","value":"input/resources"},{"code":"path-resource","value":"input/vocabulary"},{"code":"path-resource","value":"input/testing"},{"code":"path-resource","value":"input/history"},{"code":"path-resource","value":"fsh-generated/resources"},{"code":"path-pages","value":"template/config"},{"code":"path-pages","value":"input/images"},{"code":"path-liquid","value":"template/liquid"},{"code":"path-liquid","value":"input/liquid"},{"code":"path-qa","value":"temp/qa"},{"code":"path-temp","value":"temp/pages"},{"code":"path-output","value":"output"},{"code":"path-tx-cache","value":"input-cache/txcache"},{"code":"path-suppressed-warnings","value":"input/ignoreWarnings.txt"},{"code":"path-history","value":"http://hl7.eu/fhir/ig/gravitate-health/history.html"},{"code":"template-html","value":"template-page.html"},{"code":"template-md","value":"template-page-md.html"},{"code":"apply-contact","value":"true"},{"code":"apply-context","value":"true"},{"code":"apply-copyright","value":"true"},{"code":"apply-jurisdiction","value":"true"},{"code":"apply-license","value":"true"},{"code":"apply-publisher","value":"true"},{"code":"apply-version","value":"true"},{"code":"active-tables","value":"true"}]}}