{
  "resourceType": "ClinicalUseDefinition",
  "id": "cfsb4325643431772",
  "text": {
    "status": "generated",
    "div": "<div xmlns=\"http://www.w3.org/1999/xhtml\"><p><b>Generated Narrative</b></p><div style=\"display: inline-block; background-color: #d9e0e7; padding: 6px; margin: 4px; border: 1px solid #8da1b4; border-radius: 5px; line-height: 60%\"><p style=\"margin-bottom: 0px\">Resource \"cfsb4325643431772\" </p></div><p><b>identifier</b>: id: Hypersensitivity reaction (OFFICIAL)</p><p><b>type</b>: contraindication</p><p><b>subject</b>: </p><ul><li><a href=\"MedicinalProductDefinition-cfsb1151803027115.html\">MedicinalProductDefinition/cfsb1151803027115</a></li><li><a href=\"MedicinalProductDefinition-cfsb7123030148537.html\">MedicinalProductDefinition/cfsb7123030148537</a></li></ul></div>"
  },
  "identifier": [
    {
      "use": "official",
      "system": "https://spor.ema.europa.eu/rmswi/#/",
      "value": "Hypersensitivity reaction"
    }
  ],
  "type": "contraindication",
  "subject": [
    {
      "reference": "MedicinalProductDefinition/cfsb1151803027115"
    },
    {
      "reference": "MedicinalProductDefinition/cfsb7123030148537"
    }
  ]
}