{
  "resourceType": "Organization",
  "id": "cfsb1641381635293",
  "text": {
    "status": "generated",
    "div": "<div xmlns=\"http://www.w3.org/1999/xhtml\"><p><b>Generated Narrative</b></p><div style=\"display: inline-block; background-color: #d9e0e7; padding: 6px; margin: 4px; border: 1px solid #8da1b4; border-radius: 5px; line-height: 60%\"><p style=\"margin-bottom: 0px\">Resource \"cfsb1641381635293\" </p></div><p><b>identifier</b>: id: ORG-100000156 (OFFICIAL)</p><p><b>active</b>: true</p><p><b>type</b>: Manufacturer API <span style=\"background: LightGoldenRodYellow; margin: 4px; border: 1px solid khaki\"> (#/#220000000033)</span></p><p><b>name</b>: Eli Lilly and Company</p><p><b>address</b>: Lilly Technology Center Building 333 and 324(WORK)</p></div>"
  },
  "identifier": [
    {
      "use": "official",
      "system": "https://spor.ema.europa.eu/omswi/#/",
      "value": "ORG-100000156"
    }
  ],
  "active": true,
  "type": [
    {
      "coding": [
        {
          "system": "https://spor.ema.europa.eu/rmswi/",
          "code": "/#220000000033"
        }
      ],
      "text": "Manufacturer API"
    }
  ],
  "name": "Eli Lilly and Company",
  "address": [
    {
      "use": "work",
      "type": "physical",
      "text": "Lilly Technology Center Building 333 and 324",
      "line": [
        "Lilly Technology Center Building 333 and 324,  Indianapolis, Indiana,  USA"
      ],
      "city": "Indianapolis",
      "country": "US"
    }
  ]
}