{
  "resourceType": "RegulatedAuthorization",
  "id": "cfsb1640870220343",
  "text": {
    "status": "generated",
    "div": "<div xmlns=\"http://www.w3.org/1999/xhtml\"><p><b>Generated Narrative</b></p><div style=\"display: inline-block; background-color: #d9e0e7; padding: 6px; margin: 4px; border: 1px solid #8da1b4; border-radius: 5px; line-height: 60%\"><p style=\"margin-bottom: 0px\">Resource \"cfsb1640870220343\" </p></div><p><b>identifier</b>: id: EU/1/96/007/035 (OFFICIAL)</p><p><b>subject</b>: <a href=\"MedicinalProductDefinition-cfsb1641212233583.html\">MedicinalProductDefinition/cfsb1641212233583</a></p><p><b>type</b>: Marketing Authorisation <span style=\"background: LightGoldenRodYellow; margin: 4px; border: 1px solid khaki\"> (#/#100000072062)</span></p><p><b>region</b>: European Union <span style=\"background: LightGoldenRodYellow; margin: 4px; border: 1px solid khaki\"> (unknown#eu)</span></p><p><b>status</b>: Active <span style=\"background: LightGoldenRodYellow; margin: 4px; border: 1px solid khaki\"> (<a href=\"http://build.fhir.org/codesystem-publication-status.html\">PublicationStatus</a>#active)</span></p><p><b>statusDate</b>: 2015-02-07T13:28:17Z</p><p><b>holder</b>: <a href=\"Organization-cfsb1640870284639.html\">Organization/cfsb1640870284639</a> \"Eli Lilly Nederland B.V.\"</p></div>"
  },
  "identifier": [
    {
      "use": "official",
      "system": "https://spor.ema.europa.eu/rmswi/#/",
      "value": "EU/1/96/007/035"
    }
  ],
  "subject": [
    {
      "reference": "MedicinalProductDefinition/cfsb1641212233583"
    }
  ],
  "type": {
    "coding": [
      {
        "system": "https://spor.ema.europa.eu/rmswi/",
        "code": "/#100000072062"
      }
    ],
    "text": "Marketing Authorisation"
  },
  "region": [
    {
      "coding": [
        {
          "system": "urn:iso:std:iso:3166",
          "code": "eu"
        }
      ],
      "text": "European Union"
    }
  ],
  "status": {
    "coding": [
      {
        "system": "http://hl7.org/fhir/publication-status",
        "code": "active"
      }
    ],
    "text": "Active"
  },
  "statusDate": "2015-02-07T13:28:17Z",
  "holder": {
    "reference": "Organization/cfsb1640870284639"
  }
}